Date,asset_ret,benchmark_ret
2010-01-05 00:00:00-05:00,0.001727601871562845,0.0026434755889344075
2010-01-06 00:00:00-05:00,-0.01603401534140292,0.0007035624263416196
2010-01-07 00:00:00-05:00,-0.0018507105267973056,0.004212712126926199
2010-01-08 00:00:00-05:00,0.006626298420451482,0.0033223186094026858
2010-01-11 00:00:00-05:00,-0.00886028618308532,0.001395631824730792
2010-01-12 00:00:00-05:00,-0.011440728997584193,-0.009370567166766541
2010-01-13 00:00:00-05:00,0.014007171171533273,0.008410989692306359
2010-01-14 00:00:00-05:00,-0.0058084679787959725,0.0027011157828376042
2010-01-15 00:00:00-05:00,-0.016853122632956685,-0.011287599754871813
2010-01-19 00:00:00-05:00,0.043287812812389914,0.012417948746758611
2010-01-20 00:00:00-05:00,-0.015512260638900432,-0.01022078090615075
2010-01-21 00:00:00-05:00,-0.017437188675641258,-0.019416327591350147
2010-01-22 00:00:00-05:00,-0.05087115177382229,-0.022543770702710297
2010-01-25 00:00:00-05:00,0.026546887592596713,0.005114739607559926
2010-01-26 00:00:00-05:00,0.014034595132184968,-0.004199579364692063
2010-01-27 00:00:00-05:00,0.00937600256647797,0.004745639859137896
2010-01-28 00:00:00-05:00,-0.04220016672885363,-0.011538457588816442
2010-01-29 00:00:00-05:00,-0.03695322756028396,-0.010928070990813055
2010-02-01 00:00:00-05:00,0.013806419184016816,0.015431275242826281
2010-02-02 00:00:00-05:00,0.005786353818020951,0.012030805675215639
2010-02-03 00:00:00-05:00,0.017059620670048625,-0.004995552338412423
2010-02-04 00:00:00-05:00,-0.036704358295976736,-0.031352015007581
2010-02-05 00:00:00-05:00,0.017599968503773766,0.002064733561694787
2010-02-08 00:00:00-05:00,-0.006879102959616246,-0.007245392554891872
2010-02-09 00:00:00-05:00,0.010606984151227516,0.012482190042065966
2010-02-10 00:00:00-05:00,-0.00546867686213548,-0.001960503116700707
2010-02-11 00:00:00-05:00,0.018030087347464585,0.01041156546721922
2010-02-12 00:00:00-05:00,0.008570661346998465,-0.0008326076596540943
2010-02-16 00:00:00-05:00,0.01495871260969972,0.015612221154235328
2010-02-17 00:00:00-05:00,-0.0041875345670632225,0.0047272751096612
2010-02-18 00:00:00-05:00,0.0018740460096504652,0.0058780709463430725
2010-02-19 00:00:00-05:00,-0.006228351488331008,0.0020715640547592784
2010-02-22 00:00:00-05:00,-0.006217351461670351,0.00017990137479984014
2010-02-23 00:00:00-05:00,-0.01690690220722435,-0.012218897310972032
2010-02-24 00:00:00-05:00,0.01810367026580839,0.009155610149162996
2010-02-25 00:00:00-05:00,0.006656035656874337,-0.001354379341618639
2010-02-26 00:00:00-05:00,0.012886462400410137,0.0006320934984831439
2010-03-01 00:00:00-05:00,0.02113192638678507,0.010331200651429562
2010-03-02 00:00:00-05:00,-0.0006698453921056835,0.0027668377797711585
2010-03-03 00:00:00-05:00,0.0022952803059994586,0.0008906921895102116
2010-03-04 00:00:00-05:00,0.006570936547411144,0.0030229775685608473
2010-03-05 00:00:00-05:00,0.038360516413351364,0.014192479732798802
2010-03-08 00:00:00-05:00,0.0005934753915213253,0.0001750941426266195
2010-03-09 00:00:00-05:00,0.017824879075837297,0.0016612865286278478
2010-03-10 00:00:00-05:00,0.008127258863405373,0.004445550663093378
2010-03-11 00:00:00-05:00,0.002931437501077161,0.004166550316790918
2010-03-12 00:00:00-05:00,0.00486622088222366,8.64195793308653e-05
2010-03-15 00:00:00-04:00,-0.012254684820394601,0.0002599220797279145
2010-03-16 00:00:00-04:00,0.0027210076658152893,0.007934422716820322
2010-03-17 00:00:00-04:00,-0.0014712528025659921,0.005909970465097558
2010-03-18 00:00:00-04:00,0.002361993567096432,-0.0005125869457929255
2010-03-19 00:00:00-04:00,-0.010740610951244456,-0.005074703496942945
2010-03-22 00:00:00-04:00,0.011185613043116271,0.005331815721119959
2010-03-23 00:00:00-04:00,0.01593477066659177,0.007008818938660788
2010-03-24 00:00:00-04:00,0.004413277177458541,-0.004866808910488629
2010-03-25 00:00:00-04:00,-0.01192964320450196,-0.0016271110332022332
2010-03-26 00:00:00-04:00,0.018577640043466515,-0.0006003919534016688
2010-03-29 00:00:00-04:00,0.006432188915258541,0.0063273865105895055
2010-03-30 00:00:00-04:00,0.01477924422879906,0.0006815959602342048
2010-03-31 00:00:00-04:00,-0.003610543838388658,-0.0034128090871625716
2010-04-01 00:00:00-04:00,0.004119076915941822,0.006814529068693176
2010-04-05 00:00:00-04:00,0.010622696180348834,0.008116349248370014
2010-04-06 00:00:00-04:00,0.004393350363680604,0.0023546454267187045
2010-04-07 00:00:00-04:00,0.004415348931862795,-0.005728821159033615
2010-04-08 00:00:00-04:00,-0.002705083409928699,0.003458099406739912
2010-04-09 00:00:00-04:00,0.007638477332015281,0.006545902197167663
2010-04-12 00:00:00-04:00,0.0020662016980086406,0.001588268001016857
2010-04-13 00:00:00-04:00,0.0005772908826147116,0.0007513461262638188
2010-04-14 00:00:00-04:00,0.013357724768640278,0.011285302540930964
2010-04-15 00:00:00-04:00,0.013061116097194958,0.000824707824881088
2010-04-16 00:00:00-04:00,-0.006124965746047817,-0.01604007791657036
2010-04-19 00:00:00-04:00,-0.0013351969348209813,0.0037626784339739316
2010-04-20 00:00:00-04:00,-0.010087961461309414,0.008891016924137851
2010-04-21 00:00:00-04:00,0.05809362260181694,-0.00182114901722219
2010-04-22 00:00:00-04:00,0.027584509043908856,0.0029789800121005072
2010-04-23 00:00:00-04:00,0.016229756787438543,0.006506754518821545
2010-04-26 00:00:00-04:00,-0.004923145114709815,-0.0037834192791503796
2010-04-27 00:00:00-04:00,-0.028071117541707657,-0.023935038421467603
2010-04-28 00:00:00-04:00,-0.0016807258806030845,0.00756759993471956
2010-04-29 00:00:00-04:00,0.026555856100461295,0.01232101104941652
2010-04-30 00:00:00-04:00,-0.02850700909958448,-0.017107144656365314
2010-05-03 00:00:00-04:00,0.01994601138481178,0.012878992371168962
2010-05-04 00:00:00-04:00,-0.02921988009076104,-0.02379606994336214
2010-05-05 00:00:00-04:00,-0.010453064515437482,-0.005974283313919138
2010-05-06 00:00:00-04:00,-0.03879136478899259,-0.03377757331731779
2010-05-07 00:00:00-04:00,-0.04310886903798372,-0.014986689863747849
2010-05-10 00:00:00-04:00,0.07405650321772428,0.04309823200536744
2010-05-11 00:00:00-04:00,0.009911842389294101,-0.002844660726855963
2010-05-12 00:00:00-04:00,0.02148123402101776,0.013889115797744545
2010-05-13 00:00:00-04:00,-0.01433384941407212,-0.01250869487345696
2010-05-14 00:00:00-04:00,-0.01772862715024992,-0.018270765354857055
2010-05-17 00:00:00-04:00,0.001574803969249139,0.0005266556652152588
2010-05-18 00:00:00-04:00,-0.007343294287448288,-0.013695688902727987
2010-05-19 00:00:00-04:00,-0.016058075908005787,-0.005710566539714357
2010-05-20 00:00:00-04:00,-0.04353648342124239,-0.038490687972117854
2010-05-21 00:00:00-04:00,0.018996857406844203,0.014493782384437992
2010-05-24 00:00:00-04:00,0.0181570269682636,-0.01291372952130665
2010-05-25 00:00:00-04:00,-0.0062608564730155525,0.00101994195475541
2010-05-26 00:00:00-04:00,-0.004536512470334264,-0.0060465819433623835
2010-05-27 00:00:00-04:00,0.0371530971307632,0.03294945979273756
2010-05-28 00:00:00-04:00,0.013837528781875719,-0.0126288946810309
2010-06-01 00:00:00-04:00,0.015259804573266145,-0.016966855260340807
2010-06-02 00:00:00-04:00,0.011890765017229299,0.02570588492085868
2010-06-03 00:00:00-04:00,-0.003149683402638992,0.003438346751659438
2010-06-04 00:00:00-04:00,-0.02758937298367492,-0.03576914731259073
2010-06-07 00:00:00-04:00,-0.01980670451436417,-0.012528769915353344
2010-06-08 00:00:00-04:00,-0.006436907804753034,0.010654939318355261
2010-06-09 00:00:00-04:00,-0.024892875824980676,-0.005360558557471862
2010-06-10 00:00:00-04:00,0.02961474256615859,0.02881241689347469
2010-06-11 00:00:00-04:00,0.011904481499594333,0.004843787937798716
2010-06-14 00:00:00-04:00,0.00303254522348384,-0.0015506292945692834
2010-06-15 00:00:00-04:00,0.021052311999699036,0.022482603047472516
2010-06-16 00:00:00-04:00,0.028695922750715308,-0.00035721681299083485
2010-06-17 00:00:00-04:00,0.01714000917874392,0.0016062447636278065
2010-06-18 00:00:00-04:00,0.008059470583008377,0.0010838785507543136
2010-06-21 00:00:00-04:00,-0.014332998871084524,-0.0028680065048893866
2010-06-22 00:00:00-04:00,0.01352946785390774,-0.01665377534127277
2010-06-23 00:00:00-04:00,-0.01057239217076722,-0.0031078232451688947
2010-06-24 00:00:00-04:00,-0.007296596924008192,-0.01670926952779883
2010-06-25 00:00:00-04:00,-0.008586912903065347,0.004180292997554069
2010-06-28 00:00:00-04:00,0.005981143881727657,-0.003156973211640768
2010-06-29 00:00:00-04:00,-0.046264182431516865,-0.03136167035371429
2010-06-30 00:00:00-04:00,-0.018279322142249477,-0.009545498003322272
2010-07-01 00:00:00-04:00,-0.012200077731736148,-0.004466344314091764
2010-07-02 00:00:00-04:00,-0.006216610176757564,-0.005464381817721353
2010-07-06 00:00:00-04:00,0.006820563045999206,0.0065339841696729906
2010-07-07 00:00:00-04:00,0.039587363227618244,0.031010333739649454
2010-07-08 00:00:00-04:00,-0.0022455886698069527,0.00984713230433698
2010-07-09 00:00:00-04:00,0.005911690464954766,0.0074374958160099425
2010-07-12 00:00:00-04:00,-0.009015454665297185,0.0006480593701674309
2010-07-13 00:00:00-04:00,-0.021568951988509166,0.014975620037983361
2010-07-14 00:00:00-04:00,0.003686838043619467,-9.1204811464074e-05
2010-07-15 00:00:00-04:00,-0.005077812093393863,0.0002736818682524955
2010-07-16 00:00:00-04:00,-0.006183082101465676,-0.02792079824142668
2010-07-19 00:00:00-04:00,-0.017437999162488005,0.005889017153013931
2010-07-20 00:00:00-04:00,0.02536952853829888,0.011030609065239894
2010-07-21 00:00:00-04:00,0.009286102484790781,-0.013082882421298514
2010-07-22 00:00:00-04:00,0.018626657916716027,0.022076454225850917
2010-07-23 00:00:00-04:00,0.003545738066144999,0.00864179331452597
2010-07-26 00:00:00-04:00,-0.0025426123962533076,0.010361399068895771
2010-07-27 00:00:00-04:00,0.01834394236292969,-8.96513991781589e-05
2010-07-28 00:00:00-04:00,-0.011885182213946077,-0.006475474947261084
2010-07-29 00:00:00-04:00,-0.010981327130850982,-0.004883836887259463
2010-07-30 00:00:00-04:00,-0.0033370709904612106,-0.00018165141584347566
2010-08-02 00:00:00-04:00,0.017723245122256426,0.0223299494756537
2010-08-03 00:00:00-04:00,0.00030510631444569114,-0.0048008554424532335
2010-08-04 00:00:00-04:00,0.004001159111585384,0.006661234407391525
2010-08-05 00:00:00-04:00,-0.004879291365424088,-0.0010627268223819542
2010-08-06 00:00:00-04:00,-0.006171309342688502,-0.004084250859588856
2010-08-09 00:00:00-04:00,0.006362090542328058,0.005324108640732739
2010-08-10 00:00:00-04:00,-0.008980299585280349,-0.005413548732295048
2010-08-11 00:00:00-04:00,-0.0361887674812964,-0.027789434093862475
2010-08-12 00:00:00-04:00,0.006374962950068674,-0.006148784486328829
2010-08-13 00:00:00-04:00,-0.010741022751815876,-0.002949691788855624
2010-08-16 00:00:00-04:00,-0.005878692602810265,-0.0004621676906904071
2010-08-17 00:00:00-04:00,0.017334435660548486,0.012210289308437261
2010-08-18 00:00:00-04:00,0.004355809677946798,0.0018234220075434848
2010-08-19 00:00:00-04:00,-0.01268520697595621,-0.01755014042692782
2010-08-20 00:00:00-04:00,-0.0009613687985892128,-0.0032495890173924735
2010-08-23 00:00:00-04:00,-0.01550167694778537,-0.0038200163004846743
2010-08-24 00:00:00-04:00,-0.024170392068571855,-0.01495468353507956
2010-08-25 00:00:00-04:00,0.012260980419235512,0.0038775569349080996
2010-08-26 00:00:00-04:00,-0.010803733860204279,-0.006723931832086194
2010-08-27 00:00:00-04:00,0.00556169406724738,0.01537104463941219
2010-08-30 00:00:00-04:00,0.003635200083045964,-0.014611590847483313
2010-08-31 00:00:00-04:00,0.0024713661442608004,0.0
2010-09-01 00:00:00-04:00,0.02930690360631627,0.029473534832838766
2010-09-02 00:00:00-04:00,0.007323222084437919,0.009268964416000891
2010-09-03 00:00:00-04:00,0.025836410199699067,0.012888076176287733
2010-09-07 00:00:00-04:00,-0.003716754529432098,-0.01133673389608525
2010-09-08 00:00:00-04:00,0.019627473054057987,0.006999180513435732
2010-09-09 00:00:00-04:00,0.0005700645471793386,0.004608083883096192
2010-09-10 00:00:00-04:00,0.0012916868724102137,0.005036060631639749
2010-09-13 00:00:00-04:00,0.013686230610960415,0.01106157334150204
2010-09-14 00:00:00-04:00,0.0038127609003568708,-0.0006212666819047641
2010-09-15 00:00:00-04:00,0.008025245096629607,0.0038100906851328276
2010-09-16 00:00:00-04:00,0.023228090783461663,-0.00026572075611497326
2010-09-17 00:00:00-04:00,-0.004348764030877916,0.00037369164673073385
2010-09-20 00:00:00-04:00,0.028143595097501528,0.015174553784887301
2010-09-21 00:00:00-04:00,0.001904564747794879,-0.0020159433342437083
2010-09-22 00:00:00-04:00,0.0139283515917632,-0.004925251540302433
2010-09-23 00:00:00-04:00,0.004057989532680217,-0.008144571668301737
2010-09-24 00:00:00-04:00,0.01169908492193894,0.020412513125371845
2010-09-27 00:00:00-04:00,-0.003976309604008854,-0.0048014546558290405
2010-09-28 00:00:00-04:00,-0.014878559991090778,0.0034939161059481805
2010-09-29 00:00:00-04:00,0.0017764157885169496,-0.0017453440747408067
2010-09-30 00:00:00-04:00,-0.012677201476484434,-0.002974623822817435
2010-10-01 00:00:00-04:00,-0.004344235610491243,0.004196948275125401
2010-10-04 00:00:00-04:00,-0.013828423760743558,-0.007532324527240064
2010-10-05 00:00:00-04:00,0.0362980919410969,0.019932783227523565
2010-10-06 00:00:00-04:00,0.0008648982844259301,-8.69470993460908e-05
2010-10-07 00:00:00-04:00,0.00010385660829559384,-0.0012070956919885134
2010-10-08 00:00:00-04:00,0.016629730514479135,0.005593389051055553
2010-10-11 00:00:00-04:00,0.004377372224783294,0.0009431802294761482
2010-10-12 00:00:00-04:00,0.010709210449524775,0.00308162373503329
2010-10-13 00:00:00-04:00,0.005345207369312099,0.0077466609402261355
2010-10-14 00:00:00-04:00,0.007203981753413746,-0.00390855986391081
2010-10-15 00:00:00-04:00,0.04029389694911689,0.0020410539866935196
2010-10-18 00:00:00-04:00,0.01030409651553077,0.004916076673314507
2010-10-19 00:00:00-04:00,-0.0271257034730521,-0.013191488080928515
2010-10-20 00:00:00-04:00,0.0033547323017701913,0.009718545406965262
2010-10-21 00:00:00-04:00,-0.003257687481306615,0.002203677683811023
2010-10-22 00:00:00-04:00,-0.006644965080178533,0.0018606289975444668
2010-10-25 00:00:00-04:00,0.004445857367082251,0.002953029185754019
2010-10-26 00:00:00-04:00,-0.002561298685881841,0.00016853235990677007
2010-10-27 00:00:00-04:00,-0.0007142431438924568,-0.002868068727060802
2010-10-28 00:00:00-04:00,-0.008449648975987323,0.00016898789529218305
2010-10-29 00:00:00-04:00,-0.014054606384584556,0.0007595394421526791
2010-11-01 00:00:00-04:00,0.010575808791888353,0.00033797377138444773
2010-11-02 00:00:00-04:00,0.016885930216468115,0.007898710368390738
2010-11-03 00:00:00-04:00,0.011058968446678197,0.004009984351029061
2010-11-04 00:00:00-04:00,0.017335664740510293,0.019075077936508755
2010-11-05 00:00:00-04:00,-0.003588166806093973,0.003755066043884092
2010-11-08 00:00:00-05:00,0.004687469792163945,-0.0018758527407394254
2010-11-09 00:00:00-05:00,-0.008004145257282769,-0.007209966242686328
2010-11-10 00:00:00-05:00,0.00615068206497682,0.004020950327212169
2010-11-11 00:00:00-05:00,-0.004349029048237973,-0.003774334948002611
2010-11-12 00:00:00-05:00,-0.027599688658280996,-0.011909198223903239
2010-11-15 00:00:00-05:00,-0.003219159504852076,-0.0014149719762945878
2010-11-16 00:00:00-05:00,-0.01790958156066713,-0.01570203766841427
2010-11-17 00:00:00-05:00,-0.003620285261206835,0.0005077362517376116
2010-11-18 00:00:00-05:00,0.026046654520526236,0.014611048861788767
2010-11-19 00:00:00-05:00,-0.005527002506884315,0.0027469808683671104
2010-11-22 00:00:00-05:00,0.02138496109237842,-0.0008317718010006914
2010-11-23 00:00:00-05:00,-0.014885634708738937,-0.014582717411411927
2010-11-24 00:00:00-05:00,0.01947015477480374,0.014665732875227988
2010-11-26 00:00:00-05:00,0.0006351726365751986,-0.011715363056374883
2010-11-29 00:00:00-05:00,0.005919066818152352,0.0030257691028330314
2010-11-30 00:00:00-05:00,-0.018216319994713626,-0.005638816689535808
2010-12-01 00:00:00-05:00,0.016731697066469486,0.02104470462350072
2010-12-02 00:00:00-05:00,0.005516396084014996,0.012727957735168438
2010-12-03 00:00:00-05:00,-0.002234206202747835,0.002688702068464721
2010-12-06 00:00:00-05:00,0.008500667273645846,-0.0010583079197967749
2010-12-07 00:00:00-05:00,-0.006078164300803657,0.0005700351520072644
2010-12-08 00:00:00-05:00,0.008760727098473975,0.0036566564933337986
2010-12-09 00:00:00-05:00,-0.003901645471707127,0.0038858874140199617
2010-12-10 00:00:00-05:00,0.0024991483002718695,0.005801271511481687
2010-12-13 00:00:00-05:00,0.0034564701319759195,0.0006423513387208146
2010-12-14 00:00:00-05:00,-0.0042994113210435,0.0008828832841540901
2010-12-15 00:00:00-05:00,0.00021839105603227438,-0.004582863112658764
2010-12-16 00:00:00-05:00,0.0027744077109770338,0.005785180357904096
2010-12-17 00:00:00-05:00,-0.0019946014490286323,0.0010702118779386538
2010-12-20 00:00:00-05:00,0.004978371133198323,0.002410536303863786
2010-12-21 00:00:00-05:00,0.006157357018238496,0.006320809416312301
2010-12-22 00:00:00-05:00,0.0029564629286444877,0.0031053514404559834
2010-12-23 00:00:00-05:00,-0.00480883622950623,-0.0014321637625434036
2010-12-27 00:00:00-05:00,0.00333174645140355,0.00039793152750888794
2010-12-28 00:00:00-05:00,0.0024304649840232173,0.0014315147007177842
2010-12-29 00:00:00-05:00,-0.0005533703377831323,0.0007150294315385608
2010-12-30 00:00:00-05:00,-0.005023616757926508,-0.0015898175361606093
2010-12-31 00:00:00-05:00,-0.0034043400723007267,0.0002386617252501111
2011-01-03 00:00:00-05:00,0.021499773614076734,0.0102849383139203
2011-01-04 00:00:00-05:00,0.005205008432209723,-0.0005507390260275358
2011-01-05 00:00:00-05:00,0.00814682747197537,0.005184035969102219
2011-01-06 00:00:00-05:00,-0.0008085305470197923,-0.001960797121406621
2011-01-07 00:00:00-05:00,0.0071359153113994545,-0.0019642551076453074
2011-01-10 00:00:00-05:00,0.01865707191245569,-0.0012589837400502901
2011-01-11 00:00:00-05:00,-0.002367584730413874,0.0035374546110613636
2011-01-12 00:00:00-05:00,0.00810412263349125,0.008984270840174169
2011-01-13 00:00:00-05:00,0.003651576952481861,-0.0016350803530302827
2011-01-14 00:00:00-05:00,0.008067251435083467,0.007218810649185947
2011-01-18 00:00:00-05:00,-0.022725422007889406,0.0016998127713803157
2011-01-19 00:00:00-05:00,-0.005327523706222692,-0.009853799418693576
2011-01-20 00:00:00-05:00,-0.018346753035167307,-0.0013262010552539394
2011-01-21 00:00:00-05:00,-0.018077569455694054,0.0022613770533812527
2011-01-24 00:00:00-05:00,0.03231392751606332,0.005670972641333982
2011-01-25 00:00:00-05:00,0.011637369387340613,0.0005420857249287536
2011-01-26 00:00:00-05:00,0.007150596758807026,0.0038634854468622137
2011-01-27 00:00:00-05:00,-0.001863103020839585,0.002464631981779597
2011-01-28 00:00:00-05:00,-0.02093363094542111,-0.01761731054306903
2011-01-31 00:00:00-05:00,0.009535133443748567,0.007488173765050732
2011-02-01 00:00:00-05:00,0.01668784557909575,0.015882249833970796
2011-02-02 00:00:00-05:00,-0.0020597830755142432,-0.001914029116220739
2011-02-03 00:00:00-05:00,-0.0025594023695232337,0.002219581433543283
2011-02-04 00:00:00-05:00,0.00887073405219585,0.002825439236978866
2011-02-07 00:00:00-05:00,0.015407080135111606,0.006233030258389505
2011-02-08 00:00:00-05:00,0.00939093103168398,0.0045359719562148015
2011-02-09 00:00:00-05:00,0.008298618087840826,-0.0022654520002518552
2011-02-10 00:00:00-05:00,-0.01015870043468503,0.00037817186414024206
2011-02-11 00:00:00-05:00,0.00649431368594211,0.0059523708717792445
2011-02-14 00:00:00-05:00,0.006508160057788537,0.0024012402467228355
2011-02-15 00:00:00-05:00,0.0020024697898328725,-0.003152934325161283
2011-02-16 00:00:00-05:00,0.008934952047839229,0.006295809081113823
2011-02-17 00:00:00-05:00,-0.013390451754677457,0.0029839732426255594
2011-02-18 00:00:00-05:00,-0.02183875892243803,0.0020835555692402252
2011-02-22 00:00:00-05:00,-0.034682771557631664,-0.020274074667151254
2011-02-23 00:00:00-05:00,0.01177289292545014,-0.006163220168600603
2011-02-24 00:00:00-05:00,0.0007583607492414046,-0.000687263521869319
2011-02-25 00:00:00-05:00,0.015281790025233555,0.010635630524132189
2011-02-28 00:00:00-05:00,0.014400482122901792,0.006177547491667212
2011-03-01 00:00:00-05:00,-0.011102471538486203,-0.0168131780157994
2011-03-02 00:00:00-05:00,0.008011910877122386,0.0021361794056096173
2011-03-03 00:00:00-05:00,0.020908934255072342,0.017077669062535605
2011-03-04 00:00:00-05:00,0.0012231020038226958,-0.007520706133034238
2011-03-07 00:00:00-05:00,-0.012972483755823383,-0.007881644489296846
2011-03-08 00:00:00-05:00,0.0011246266460807064,0.00871202747397426
2011-03-09 00:00:00-05:00,-0.009290773233116223,-0.0014343870395254754
2011-03-10 00:00:00-05:00,-0.01659195498944488,-0.018678987240329015
2011-03-11 00:00:00-05:00,0.015229390710424173,0.006902112782189995
2011-03-14 00:00:00-04:00,0.00445033156578889,-0.006056262839456927
2011-03-15 00:00:00-04:00,-0.023262789874678003,-0.011523186786754458
2011-03-16 00:00:00-04:00,-0.04566723229453551,-0.018686311907255337
2011-03-17 00:00:00-04:00,0.01393251373990978,0.013148382774894607
2011-03-18 00:00:00-04:00,-0.01193517583830328,0.003630402804390087
2011-03-21 00:00:00-04:00,0.025764295968128348,0.015379066328742752
2011-03-22 00:00:00-04:00,0.005583882783836813,-0.0034745951922250384
2011-03-23 00:00:00-04:00,-0.005908049733311049,0.0028578514938653043
2011-03-24 00:00:00-04:00,0.01689718254335304,0.009517998019885177
2011-03-25 00:00:00-04:00,0.01886560863984066,0.003051322833397485
2011-03-28 00:00:00-04:00,-0.0031337431375808578,-0.0024405720999292058
2011-03-29 00:00:00-04:00,0.0014824299341493763,0.006696251992185154
2011-03-30 00:00:00-04:00,-0.006660917298976887,0.006877676305093949
2011-03-31 00:00:00-04:00,-0.0003438517956730891,-0.0013568637452019416
2011-04-01 00:00:00-04:00,-0.011399146041016994,0.004214514054966756
2011-04-04 00:00:00-04:00,-0.009828763442083943,0.0008260929516676896
2011-04-05 00:00:00-04:00,-0.006763579521633645,-0.00015028419173468421
2011-04-06 00:00:00-04:00,-0.0025117968823180625,0.00314742576757876
2011-04-07 00:00:00-04:00,0.00011865223524809565,-0.0025470234890159205
2011-04-08 00:00:00-04:00,-0.00897256994203488,-0.003456570079957366
2011-04-11 00:00:00-04:00,-0.012795811395478918,-0.0030152165533881004
2011-04-12 00:00:00-04:00,0.0048249992679973985,-0.007501326466154978
2011-04-13 00:00:00-04:00,0.011158715758473825,-7.646607083788837e-05
2011-04-14 00:00:00-04:00,-0.011098669046718523,0.0007603002215992305
2011-04-15 00:00:00-04:00,-0.015033502914430397,0.0036422628329315643
2011-04-18 00:00:00-04:00,0.01331739419220046,-0.01127239751774134
2011-04-19 00:00:00-04:00,0.017948664352557486,0.005727919054134389
2011-04-20 00:00:00-04:00,0.013377286926889553,0.013540195135414379
2011-04-21 00:00:00-04:00,0.023922000739069027,0.005095664309765269
2011-04-25 00:00:00-04:00,0.006565189813036998,-0.0010468769912650444
2011-04-26 00:00:00-04:00,-0.00736404786057987,0.008568253487345245
2011-04-27 00:00:00-04:00,-0.000770902998208367,0.006507514353168098
2011-04-28 00:00:00-04:00,-0.009757340890917732,0.003237982032366027
2011-04-29 00:00:00-04:00,0.009700425805978075,0.0023481085843002347
2011-05-02 00:00:00-04:00,-0.011056476996768705,-0.0015402669564954508
2011-05-03 00:00:00-04:00,0.005528867797929049,-0.0036036260226985917
2011-05-04 00:00:00-04:00,0.003926923851743869,-0.0066529920031577205
2011-05-05 00:00:00-04:00,-0.008099740458882287,-0.00908939354711169
2011-05-06 00:00:00-04:00,-0.00025962100353771334,0.004405889056730672
2011-05-09 00:00:00-04:00,0.0027081255906038493,0.003867405202440999
2011-05-10 00:00:00-04:00,0.005307670158119393,0.008500003530146572
2011-05-11 00:00:00-04:00,-0.006372666607836752,-0.010580445253611792
2011-05-12 00:00:00-04:00,-0.001902817564993331,0.004748919544840469
2011-05-13 00:00:00-04:00,-0.01766945998308067,-0.007728794723582233
2011-05-16 00:00:00-04:00,-0.021372409571136952,-0.0063612823933558715
2011-05-17 00:00:00-04:00,0.008484702458774862,-0.0001503631354999868
2011-05-18 00:00:00-04:00,0.011035809776063221,0.008895824690140053
2011-05-19 00:00:00-04:00,0.0019399171801484094,0.0023791754656592445
2011-05-20 00:00:00-04:00,-0.015716194945736284,-0.007976331983908125
2011-05-23 00:00:00-04:00,-0.002449125843329014,-0.011668963245308639
2011-05-24 00:00:00-04:00,-0.006630961729130913,-0.0008330730462011715
2011-05-25 00:00:00-04:00,0.013722807625986544,0.003328739429551142
2011-05-26 00:00:00-04:00,-0.005299244238386347,0.004597204595090609
2011-05-27 00:00:00-04:00,0.007168306597652663,0.003827088160240244
2011-05-31 00:00:00-04:00,0.03041500137457165,0.010357575374957406
2011-06-01 00:00:00-04:00,-0.006692448196060852,-0.022717623910819995
2011-06-02 00:00:00-04:00,0.0017063591775716702,-0.001062048268280158
2011-06-03 00:00:00-04:00,-0.00771539082554451,-0.009994013954128356
2011-06-06 00:00:00-04:00,-0.015848417667823078,-0.01063806624605057
2011-06-07 00:00:00-04:00,-0.01790849233494196,-0.000619858329987899
2011-06-08 00:00:00-04:00,0.0006021073169364399,-0.004196106048259374
2011-06-09 00:00:00-04:00,-0.00226015894260323,0.0076018933773758235
2011-06-10 00:00:00-04:00,-0.017007110520188995,-0.014007679112443938
2011-06-13 00:00:00-04:00,0.00214581346390208,0.0007835254390657909
2011-06-14 00:00:00-04:00,0.017723201000747313,0.012606020354523295
2011-06-15 00:00:00-04:00,-0.01726435866623488,-0.01794549522111133
2011-06-16 00:00:00-04:00,-0.004877749242227392,0.0022022318225092263
2011-06-17 00:00:00-04:00,-0.015183871161187579,0.0029793204544334984
2011-06-20 00:00:00-04:00,-0.015545080214540263,0.005103581377525757
2011-06-21 00:00:00-04:00,0.031159734302405706,0.013610573690120198
2011-06-22 00:00:00-04:00,-0.008303848292973814,-0.006043312490835007
2011-06-23 00:00:00-04:00,0.026368841150889555,-0.0028801215468314822
2011-06-24 00:00:00-04:00,-0.014842465079436984,-0.011681238242048586
2011-06-27 00:00:00-04:00,0.017284944884512043,0.008871607113960955
2011-06-28 00:00:00-04:00,0.009650875922573299,0.012968443615388736
2011-06-29 00:00:00-04:00,-0.0036454820832991786,0.008527595440129154
2011-06-30 00:00:00-04:00,0.0048676061571422125,0.009516995156973351
2011-07-01 00:00:00-04:00,0.022359687161658037,0.014668081066944616
2011-07-05 00:00:00-04:00,0.017815100309542142,-0.0008219717803807924
2011-07-06 00:00:00-04:00,0.006645626830517948,0.0011950754940057706
2011-07-07 00:00:00-04:00,0.015346895755922851,0.010322097024655363
2011-07-08 00:00:00-04:00,0.007002574902220449,-0.0071174829701865505
2011-07-11 00:00:00-04:00,-0.016001595193601226,-0.018245798835038407
2011-07-12 00:00:00-04:00,-0.0007064975949613306,-0.004328468192952073
2011-07-13 00:00:00-04:00,0.011998674069559456,0.0033428383659384053
2011-07-14 00:00:00-04:00,-0.000698829168902293,-0.006925985951750313
2011-07-15 00:00:00-04:00,0.01978844280875336,0.00578755292266564
2011-07-18 00:00:00-04:00,0.024042376397444443,-0.008235110403422397
2011-07-19 00:00:00-04:00,0.008126276518777953,0.016101547993486065
2011-07-20 00:00:00-04:00,0.026319251043721792,-0.0006030164253720827
2011-07-21 00:00:00-04:00,0.0010073082795134525,0.013775544492228065
2011-07-22 00:00:00-04:00,0.015398851822720161,0.0006688779981978143
2011-07-25 00:00:00-04:00,0.013135050632934409,-0.005588320284410031
2011-07-26 00:00:00-04:00,0.012245599527870965,-0.003742723894590405
2011-07-27 00:00:00-04:00,-0.027187406487739985,-0.020688499792426818
2011-07-28 00:00:00-04:00,-0.0019633293891296866,-0.002913551452024876
2011-07-29 00:00:00-04:00,-0.0034258171912013857,-0.006857979614097509
2011-08-01 00:00:00-04:00,0.01592960754977879,-0.004261657360684623
2011-08-02 00:00:00-04:00,-0.019958391861134572,-0.025879926400242503
2011-08-03 00:00:00-04:00,0.009366924982868952,0.005404107024402194
2011-08-04 00:00:00-04:00,-0.03948886833870757,-0.047973808929426376
2011-08-05 00:00:00-04:00,-0.009986862997172441,-0.0014976695435162668
2011-08-08 00:00:00-04:00,-0.05617663832327624,-0.0673407339888179
2011-08-09 00:00:00-04:00,0.057219987917828785,0.04545039490782443
2011-08-10 00:00:00-04:00,-0.02798092377159378,-0.04518355541912822
2011-08-11 00:00:00-04:00,0.027151672432744967,0.04390621737427214
2011-08-12 00:00:00-04:00,0.008765267518204833,0.006710412687731093
2011-08-15 00:00:00-04:00,0.016886553978214813,0.020943890190922687
2011-08-16 00:00:00-04:00,-0.0076712823900235705,-0.008576160091371854
2011-08-17 00:00:00-04:00,-0.00010559676260202266,0.0006687648783509914
2011-08-18 00:00:00-04:00,-0.03855805849976113,-0.04407546667409701
2011-08-19 00:00:00-04:00,-0.02775542987596502,-0.016465430157484917
2011-08-22 00:00:00-04:00,0.0011514061735367065,0.000799192422758388
2011-08-23 00:00:00-04:00,0.04701970190385696,0.032380006749384904
2011-08-24 00:00:00-04:00,0.006881765148411212,0.013986404300591282
2011-08-25 00:00:00-04:00,-0.00656048984740476,-0.015360923918606773
2011-08-26 00:00:00-04:00,0.026041223147539316,0.014428972893505865
2011-08-29 00:00:00-04:00,0.01652148405771925,0.028330991149078777
2011-08-30 00:00:00-04:00,5.1345967505334045e-05,0.0026332912774478245
2011-08-31 00:00:00-04:00,-0.013319285700536643,0.0044280051069574
2011-09-01 00:00:00-04:00,-0.009923599620618173,-0.010528222550461486
2011-09-02 00:00:00-04:00,-0.018488597525238237,-0.025881761017345184
2011-09-06 00:00:00-04:00,0.015097180639247032,-0.00732418201179641
2011-09-07 00:00:00-04:00,0.01097327301089246,0.027816982625140874
2011-09-08 00:00:00-04:00,0.0005468975119464758,-0.010445758788907966
2011-09-09 00:00:00-04:00,-0.017489281651930533,-0.0265594340915305
2011-09-12 00:00:00-04:00,0.006496025913426795,0.006449123465213091
2011-09-13 00:00:00-04:00,0.012242268094985409,0.009129498179411222
2011-09-14 00:00:00-04:00,0.01209412385493902,0.013749157405117174
2011-09-15 00:00:00-04:00,0.009357586038363674,0.017109532001242655
2011-09-16 00:00:00-04:00,0.01900583077964857,0.005901336557050385
2011-09-19 00:00:00-04:00,0.027411060301988144,-0.01000700152868017
2011-09-20 00:00:00-04:00,0.004411949458923203,-0.0011638730906335937
2011-09-21 00:00:00-04:00,-0.0031736530619279613,-0.02990162589589218
2011-09-22 00:00:00-04:00,-0.025358937237180523,-0.03285809703999831
2011-09-23 00:00:00-04:00,0.006153420132359866,0.006006957366067489
2011-09-26 00:00:00-04:00,-0.0027991318488909123,0.023502158861337996
2011-09-27 00:00:00-04:00,-0.009745279714177268,0.011121384182628091
2011-09-28 00:00:00-04:00,-0.005651711189320174,-0.02062992820205789
2011-09-29 00:00:00-04:00,-0.016354210110563816,0.00787258757428777
2011-09-30 00:00:00-04:00,-0.023968102639169153,-0.025306918986760074
2011-10-03 00:00:00-04:00,-0.017779944629187305,-0.028870117037973486
2011-10-04 00:00:00-04:00,-0.005622068143690928,0.021685663320697657
2011-10-05 00:00:00-04:00,0.01531852734418937,0.018346246905233343
2011-10-06 00:00:00-04:00,-0.0023294657862416024,0.01792944414556885
2011-10-07 00:00:00-04:00,-0.02026379776168774,-0.006718583268541245
2011-10-10 00:00:00-04:00,0.05012851782148431,0.03289864104099749
2011-10-11 00:00:00-04:00,0.02909875345033175,0.0010030216628500455
2011-10-12 00:00:00-04:00,0.004735027966653593,0.008733359063900714
2011-10-13 00:00:00-04:00,0.015396152783147432,-0.0019892530241225614
2011-10-14 00:00:00-04:00,0.03268473818643214,0.01694986290181344
2011-10-17 00:00:00-04:00,-0.004774437419412081,-0.019275999329173565
2011-10-18 00:00:00-04:00,0.0053432222520442,0.01935718665066055
2011-10-19 00:00:00-04:00,-0.05756561239854818,-0.01189968686057874
2011-10-20 00:00:00-04:00,-0.008338238807426013,0.004366009361651102
2011-10-21 00:00:00-04:00,-0.006191616051094417,0.018809349111518436
2011-10-24 00:00:00-04:00,0.03230792469269117,0.012186364214856304
2011-10-25 00:00:00-04:00,-0.019912691743873445,-0.01963509554897591
2011-10-26 00:00:00-04:00,0.007089479643570318,0.010107063252867476
2011-10-27 00:00:00-04:00,0.010157705024217645,0.03424219531951689
2011-10-28 00:00:00-04:00,0.0006426344910552828,-0.00023296905643110932
2011-10-31 00:00:00-04:00,-0.0004203948749483821,-0.024401265705502162
2011-11-01 00:00:00-04:00,-0.02064221002572708,-0.028284762892165638
2011-11-02 00:00:00-04:00,0.0022674512682376857,0.01617988178765195
2011-11-03 00:00:00-04:00,0.014141601208436771,0.018063284713044858
2011-11-04 00:00:00-04:00,-0.007045962032291353,-0.006117478955849798
2011-11-07 00:00:00-05:00,-0.0012748179459296516,0.006196612977653615
2011-11-08 00:00:00-05:00,0.01613030722448494,0.012748784701055449
2011-11-09 00:00:00-05:00,-0.027325474923501236,-0.037607715137502495
2011-11-10 00:00:00-05:00,-0.025780029142566274,0.009374574122293033
2011-11-11 00:00:00-05:00,-0.0015582264358435793,0.018647245910096366
2011-11-14 00:00:00-05:00,-0.014034004305607084,-0.009519233381841907
2011-11-15 00:00:00-05:00,0.02492029907270865,0.00492995343149083
2011-11-16 00:00:00-05:00,-0.010496655486831319,-0.01599059678556536
2011-11-17 00:00:00-05:00,-0.019313696879577957,-0.016003994750411366
2011-11-18 00:00:00-05:00,-0.006566081339602903,-0.0010652010465665995
2011-11-21 00:00:00-05:00,-0.01594237949360977,-0.01920281394452683
2011-11-22 00:00:00-05:00,0.02012121489320684,-0.003935572330196813
2011-11-23 00:00:00-05:00,-0.025610248188242757,-0.02231263617303636
2011-11-25 00:00:00-05:00,-0.009362590597061349,-0.0018894029698213188
2011-11-28 00:00:00-05:00,0.03393616637754837,0.028555414443253824
2011-11-29 00:00:00-05:00,-0.007793555194375745,0.00283602868199484
2011-11-30 00:00:00-05:00,0.023829505025343423,0.04032537409210857
2011-12-01 00:00:00-05:00,0.01488102403997349,-0.00015988267081468166
2011-12-02 00:00:00-05:00,0.004552164911703738,-0.0008806825336264978
2011-12-05 00:00:00-05:00,0.008458092686496776,0.010833312905968562
2011-12-06 00:00:00-05:00,-0.005255724241103987,0.00031704343564875614
2011-12-07 00:00:00-05:00,-0.004769054122520711,0.003715528072559593
2011-12-08 00:00:00-05:00,0.004027169869834424,-0.022180875337506123
2011-12-09 00:00:00-05:00,0.007548193037964612,0.0168008835181368
2011-12-12 00:00:00-05:00,-0.004532116745364689,-0.014704783806016586
2011-12-13 00:00:00-05:00,-0.007763009711023283,-0.009383313887959766
2011-12-14 00:00:00-05:00,-0.02241975577853328,-0.010702876447077792
2011-12-15 00:00:00-05:00,-0.0032929819161560125,0.0036072761815892918
2011-12-16 00:00:00-05:00,0.0054738143666330785,0.0014819836978512413
2011-12-19 00:00:00-05:00,0.0031184622622610902,-0.010749329413830111
2011-12-20 00:00:00-05:00,0.035317739320506636,0.02981122671729164
2011-12-21 00:00:00-05:00,0.0012619680285443913,0.001934252044819118
2011-12-22 00:00:00-05:00,0.005283167399724231,0.008820022811844908
2011-12-23 00:00:00-05:00,0.011922055186644354,0.008900957175073998
2011-12-27 00:00:00-05:00,0.007902556999438204,0.000791105302917039
2011-12-28 00:00:00-05:00,-0.009614927101080806,-0.013209939572349505
2011-12-29 00:00:00-05:00,0.006140531875001631,0.010280824211670314
2011-12-30 00:00:00-05:00,-0.0002962128349039972,-0.004928548817098033
2012-01-03 00:00:00-05:00,0.015265251020105008,0.01581104605459327
2012-01-04 00:00:00-05:00,0.005360183441871058,0.0015670571867136829
2012-01-05 00:00:00-05:00,0.011040494250127875,0.0026589572642823356
2012-01-06 00:00:00-05:00,0.010399290592195243,-0.0025804458378120287
2012-01-09 00:00:00-05:00,-0.0015871400967690796,0.0024243584864116485
2012-01-10 00:00:00-05:00,0.0035739141453903223,0.008633017467449378
2012-01-11 00:00:00-05:00,-0.0016312236415685355,0.0005419994376643089
2012-01-12 00:00:00-05:00,-0.0027491992840671386,0.002396433380285501
2012-01-13 00:00:00-05:00,-0.003756787224742375,-0.005186808695262002
2012-01-17 00:00:00-05:00,0.011580908316975336,0.003873493695435215
2012-01-18 00:00:00-05:00,0.010330430650736577,0.010995533651692924
2012-01-19 00:00:00-05:00,-0.0031746796736511484,0.005262179232941477
2012-01-20 00:00:00-05:00,-0.01757011723594637,0.0037207565492591854
2012-01-23 00:00:00-05:00,0.016775261689231158,-0.0025805114018222497
2012-01-24 00:00:00-05:00,-0.016513113676049684,-0.0011402451474369357
2012-01-25 00:00:00-05:00,0.060566943727824896,0.008333094536928876
2012-01-26 00:00:00-05:00,-0.004554851034803686,-0.005142963969779757
2012-01-27 00:00:00-05:00,0.00594212858945431,-0.0004549187722986403
2012-01-30 00:00:00-05:00,0.012729385761152123,-0.003419923680870518
2012-01-31 00:00:00-05:00,0.007630481067897321,-0.0003806314063723448
2012-02-01 00:00:00-05:00,-0.0006354890179420813,0.008718965150730895
2012-02-02 00:00:00-05:00,-0.002348066367142465,0.0015839538685291643
2012-02-03 00:00:00-05:00,0.009969537202670686,0.013921427880265291
2012-02-06 00:00:00-05:00,0.009289009197235298,-0.0006691776837541852
2012-02-07 00:00:00-05:00,0.010420414540758927,0.0025254884574694714
2012-02-08 00:00:00-05:00,0.016605460377606462,0.002963195334195312
2012-02-09 00:00:00-05:00,0.03400859690818692,0.0012567384736108522
2012-02-10 00:00:00-05:00,0.00050662606295937,-0.0074150480476760094
2012-02-13 00:00:00-05:00,0.018433825914184077,0.0074150480476760094
2012-02-14 00:00:00-05:00,0.013556409875556952,-0.0012567384736108522
2012-02-15 00:00:00-05:00,-0.023413749536450812,-0.004670763442955916
2012-02-16 00:00:00-05:00,0.009081288257346998,0.011012419613713575
2012-02-17 00:00:00-05:00,-0.00017962862259279788,0.0026424773943496405
2012-02-21 00:00:00-05:00,0.025036906118300006,0.00044004664024033247
2012-02-22 00:00:00-05:00,-0.0035222674395813947,-0.003229637549317488
2012-02-23 00:00:00-05:00,0.006508885358126104,0.0044012150902998926
2012-02-24 00:00:00-05:00,0.011589974050068896,0.002193042061892747
2012-02-27 00:00:00-05:00,0.006392574596135958,0.0016784678294659017
2012-02-28 00:00:00-05:00,0.018187593623133935,0.002912067483530123
2012-02-29 00:00:00-05:00,0.013044996249175878,-0.003933401766570199
2012-03-01 00:00:00-05:00,0.0037347829592730974,0.005168501025799799
2012-03-02 00:00:00-05:00,0.0013037920606935316,-0.003054353042584168
2012-03-05 00:00:00-05:00,-0.02229489332096657,-0.004086486464208505
2012-03-06 00:00:00-05:00,-0.0054536763626154006,-0.014733352751421513
2012-03-07 00:00:00-05:00,0.0008108414934855368,0.006951645977093968
2012-03-08 00:00:00-05:00,0.021068937898643725,0.009899737636041905
2012-03-09 00:00:00-05:00,0.005850308666865978,0.0038603079501209336
2012-03-12 00:00:00-04:00,0.012450141222033917,7.237916234181796e-05
2012-03-13 00:00:00-04:00,0.02874972291454503,0.017865639414019974
2012-03-14 00:00:00-04:00,0.03711279611481899,-0.001071696237258557
2012-03-15 00:00:00-04:00,-0.00684147464162832,0.005772809019639169
2012-03-16 00:00:00-04:00,1.6771218150690714e-05,0.0013837072207838474
2012-03-19 00:00:00-04:00,0.02617568890070121,0.003912775872875862
2012-03-20 00:00:00-04:00,0.008053095717104775,-0.0029152709453432735
2012-03-21 00:00:00-04:00,-0.005726398041020708,-0.001638840623073179
2012-03-22 00:00:00-04:00,-0.0052587430831469995,-0.007229815050785682
2012-03-23 00:00:00-04:00,-0.005504883062034338,0.0032275240454318066
2012-03-26 00:00:00-04:00,0.018171689591753193,0.013937665795643817
2012-03-27 00:00:00-04:00,0.012280489805005956,-0.00311213451935366
2012-03-28 00:00:00-04:00,0.005096879272475263,-0.004971041483888605
2012-03-29 00:00:00-04:00,-0.012644106135464295,-0.001709884350346691
2012-03-30 00:00:00-04:00,-0.01705007147878934,0.004127359693346655
2012-04-02 00:00:00-04:00,0.031327834752949535,0.007288352544498444
2012-04-03 00:00:00-04:00,0.017132653805677744,-0.004097325910440652
2012-04-04 00:00:00-04:00,-0.00799312686908138,-0.009960394683531604
2012-04-05 00:00:00-04:00,0.01489752275516354,-0.00050031178753418
2012-04-09 00:00:00-04:00,0.0040160162114588616,-0.011294877875354992
2012-04-10 00:00:00-04:00,-0.012319572363319597,-0.016927372011356745
2012-04-11 00:00:00-04:00,-0.0035709502296219497,0.008061871022516875
2012-04-12 00:00:00-04:00,-0.005492261510312346,0.012980479672696887
2012-04-13 00:00:00-04:00,-0.028569313634788873,-0.01195917375190092
2012-04-16 00:00:00-04:00,-0.042355514625047164,-0.0006561894585388472
2012-04-17 00:00:00-04:00,0.04971428903803243,0.014702900606332392
2012-04-18 00:00:00-04:00,-0.0022326238603977977,-0.0033848009780168553
2012-04-19 00:00:00-04:00,-0.03496010018439932,-0.006441537939835484
2012-04-20 00:00:00-04:00,-0.02492329715645214,0.0016687300009383677
2012-04-23 00:00:00-04:00,-0.0022364322331407394,-0.008444754305730662
2012-04-24 00:00:00-04:00,-0.02017783305107912,0.003794469647504961
2012-04-25 00:00:00-04:00,0.08502206674353863,0.013598378480632611
2012-04-26 00:00:00-04:00,-0.003777314946499466,0.006945066143686063
2012-04-27 00:00:00-04:00,-0.007764256174493056,0.0016394946569242563
2012-04-30 00:00:00-04:00,-0.032050402027743896,-0.003710929425743359
2012-05-01 00:00:00-04:00,-0.003172799448246888,0.0062007813502091835
2012-05-02 00:00:00-04:00,0.006591884227395983,-0.0029885531625755135
2012-05-03 00:00:00-04:00,-0.007124532213206969,-0.007654515158844966
2012-05-04 00:00:00-04:00,-0.028893290692148632,-0.016289846377738115
2012-05-07 00:00:00-04:00,0.007455695842667254,0.0007294578318921552
2012-05-08 00:00:00-04:00,-0.002285771142747084,-0.0040198720076594086
2012-05-09 00:00:00-04:00,0.0017589903541992413,-0.005949159136236837
2012-05-10 00:00:00-04:00,0.002351173860625444,0.0020604290958470273
2012-05-11 00:00:00-04:00,-0.006700225069372401,-0.003018947368270908
2012-05-14 00:00:00-04:00,-0.015094797366766333,-0.01112278697768776
2012-05-15 00:00:00-04:00,-0.009087740677995448,-0.0057580000548362875
2012-05-16 00:00:00-04:00,-0.01289963498098734,-0.0038322892707745027
2012-05-17 00:00:00-04:00,-0.0296622750503861,-0.014941955157145692
2012-05-18 00:00:00-04:00,0.0004900789479957979,-0.008595237018404589
2012-05-21 00:00:00-04:00,0.05662657855045117,0.017041955753758664
2012-05-22 00:00:00-04:00,-0.0077088270944325465,0.001741300306568938
2012-05-23 00:00:00-04:00,0.024107147321865696,0.0005291025757259149
2012-05-24 00:00:00-04:00,-0.009226526963966197,0.0019634969095871924
2012-05-25 00:00:00-04:00,-0.005374300720783154,-0.0032493269077935594
2012-05-29 00:00:00-04:00,0.017593294518336577,0.01203901627128623
2012-05-30 00:00:00-04:00,0.011985390950352226,-0.014616314842673006
2012-05-31 00:00:00-04:00,-0.0024897417452289794,-0.0022031188263387236
2012-06-01 00:00:00-04:00,-0.029403636303788172,-0.025499535416276586
2012-06-04 00:00:00-04:00,0.005865772251068435,-0.00046814427893870914
2012-06-05 00:00:00-04:00,-0.002591054948552163,0.007543829539642388
2012-06-06 00:00:00-04:00,0.015217054408930508,0.022219694669209922
2012-06-07 00:00:00-04:00,0.0004546341325122327,0.000605920283919481
2012-06-08 00:00:00-04:00,0.014930663779034958,0.007920060651473548
2012-06-11 00:00:00-04:00,-0.015892835616212686,-0.012778478100848645
2012-06-12 00:00:00-04:00,0.008698455647814463,0.011425204818516832
2012-06-13 00:00:00-04:00,-0.006966833394502103,-0.006415235092626759
2012-06-14 00:00:00-04:00,-0.0011017871699205983,0.010544661575825565
2012-06-15 00:00:00-04:00,0.004538845827958937,0.010175214658397103
2012-06-18 00:00:00-04:00,0.020088586537775566,0.0019363844903690364
2012-06-19 00:00:00-04:00,0.0027790265924934054,0.009626146538327163
2012-06-20 00:00:00-04:00,-0.002847286680438099,-0.0016225501393662967
2012-06-21 00:00:00-04:00,-0.013872926985458278,-0.02269406057162726
2012-06-22 00:00:00-04:00,0.007639153272934962,0.007671907352530205
2012-06-25 00:00:00-04:00,-0.019655515979277283,-0.016164793140838185
2012-06-26 00:00:00-04:00,0.0022048439365285333,0.005013411771871645
2012-06-27 00:00:00-04:00,0.004308690795160608,0.008976112925731528
2012-06-28 00:00:00-04:00,-0.009531918265723416,-0.0028577805373863896
2012-06-29 00:00:00-04:00,0.025932803234927082,0.024621284438654634
2012-07-02 00:00:00-04:00,0.01448360541795779,0.0030076457578394056
2012-07-03 00:00:00-04:00,0.011561220739753963,0.0065712478740938
2012-07-05 00:00:00-04:00,0.017414575639413954,-0.004522312242198012
2012-07-06 00:00:00-04:00,-0.006678337947843893,-0.009548501784016672
2012-07-09 00:00:00-04:00,0.013133403601440552,-0.0012557495320679735
2012-07-10 00:00:00-04:00,-0.009294855139678315,-0.008758393201916626
2012-07-11 00:00:00-04:00,-0.006235069417720229,0.00014907469307789967
2012-07-12 00:00:00-04:00,-0.009191187692400682,-0.0048567036389464135
2012-07-13 00:00:00-04:00,0.010084416068751434,0.01663852192975046
2012-07-16 00:00:00-04:00,0.003201571767673439,-0.0023601519357479006
2012-07-17 00:00:00-04:00,4.948856822961645e-05,0.006843561271977272
2012-07-18 00:00:00-04:00,-0.0011215012217564713,0.007379890154527224
2012-07-19 00:00:00-04:00,0.013207245372403698,0.0026170180127538245
2012-07-20 00:00:00-04:00,-0.016444969662865905,-0.009190040594170057
2012-07-23 00:00:00-04:00,-0.0007780416567686466,-0.010164046730215759
2012-07-24 00:00:00-04:00,-0.004830625015926682,-0.008623968517242453
2012-07-25 00:00:00-04:00,-0.04414441039819694,0.000224172124463351
2012-07-26 00:00:00-04:00,-0.00015606369893017558,0.016362746981095633
2012-07-27 00:00:00-04:00,0.01772340106394532,0.018264732890081348
2012-07-30 00:00:00-04:00,0.01672683176733969,0.0
2012-07-31 00:00:00-04:00,0.026091815897006043,-0.007018806507991471
2012-08-01 00:00:00-04:00,-0.006488570963807394,-0.0008715638210423649
2012-08-02 00:00:00-04:00,0.0016144740152022052,-0.0069286620749196
2012-08-03 00:00:00-04:00,0.01293042584932369,0.01963904281950324
2012-08-06 00:00:00-04:00,0.011063535146758952,0.0019357438180280795
2012-08-07 00:00:00-04:00,-0.002637365248136625,0.005000952042832019
2012-08-08 00:00:00-04:00,-0.0016924644265436939,0.0012109615377111638
2012-08-09 00:00:00-04:00,0.0056871854759545926,0.0008537190166482134
2012-08-10 00:00:00-04:00,0.0015609318693559082,0.0016343985073881129
2012-08-13 00:00:00-04:00,0.013262030618987453,-0.0004973772433913837
2012-08-14 00:00:00-04:00,0.0026790378418022343,0.00014184680907014524
2012-08-15 00:00:00-04:00,-0.0013617727075261321,0.0011357069362647465
2012-08-16 00:00:00-04:00,0.008696024626678067,0.007352328197536728
2012-08-17 00:00:00-04:00,0.01832753569262824,0.0013367762767497737
2012-08-20 00:00:00-04:00,0.02595253265184949,7.053039372095782e-05
2012-08-21 00:00:00-04:00,-0.013760842434307197,-0.0030285252043924515
2012-08-22 00:00:00-04:00,0.019337911760533455,0.00042298918701710875
2012-08-23 00:00:00-04:00,-0.009373127238305745,-0.008213310901518334
2012-08-24 00:00:00-04:00,0.0008902184324033335,0.0060246781974058194
2012-08-27 00:00:00-04:00,0.01861250475574794,0.0002120968766963216
2012-08-28 00:00:00-04:00,-0.001303263331011717,-0.000989872435972039
2012-08-29 00:00:00-04:00,-0.001972840628516437,0.0007777755592757174
2012-08-30 00:00:00-04:00,-0.014357539348476056,-0.007233760172499437
2012-08-31 00:00:00-04:00,0.0020620501589827533,0.0047577126148210525
2012-09-04 00:00:00-04:00,0.014520294210131901,-0.0009215656512839843
2012-09-05 00:00:00-04:00,-0.0070475631347579615,-0.0008512446006712082
2012-09-06 00:00:00-04:00,0.008971800636137672,0.020093616700967765
2012-09-07 00:00:00-04:00,0.00614709192899765,0.003887226841105651
2012-09-10 00:00:00-04:00,-0.026356986959793716,-0.005697363358982521
2012-09-11 00:00:00-04:00,-0.003249433201217844,0.0027836987065246177
2012-09-12 00:00:00-04:00,0.01383076192416377,0.0033291236965373727
2012-09-13 00:00:00-04:00,0.019501920577355225,0.015121975544609256
2012-09-14 00:00:00-04:00,0.0120792535970482,0.0044243702790645045
2012-09-17 00:00:00-04:00,0.012221046250404655,-0.003401847296117033
2012-09-18 00:00:00-04:00,0.0030388742313669503,-0.0008180408696754071
2012-09-19 00:00:00-04:00,0.00027090374150784413,0.0005457001445545728
2012-09-20 00:00:00-04:00,-0.004854632400283609,6.80921349838215e-05
2012-09-21 00:00:00-04:00,0.0019876562716594215,-0.00041817348323203163
2012-09-24 00:00:00-04:00,-0.013373406534121557,-0.001509491358597792
2012-09-25 00:00:00-04:00,-0.025287913050555222,-0.0106986705041896
2012-09-26 00:00:00-04:00,-0.012489873244698746,-0.005636931677579504
2012-09-27 00:00:00-04:00,0.02397420348251922,0.009376998230015587
2012-09-28 00:00:00-04:00,-0.02109214270150117,-0.004642931704087694
2012-10-01 00:00:00-04:00,-0.01162483288957361,0.002636717272533673
2012-10-02 00:00:00-04:00,0.002907331696597293,0.0010379595027716348
2012-10-03 00:00:00-04:00,0.015217345022988216,0.004074682748906433
2012-10-04 00:00:00-04:00,-0.00694978828003201,0.007142366142756096
2012-10-05 00:00:00-04:00,-0.021540761019856358,6.845822868939422e-05
2012-10-08 00:00:00-04:00,-0.02234428950763112,-0.0034269381968750068
2012-10-09 00:00:00-04:00,-0.003641946168689625,-0.00993704251096883
2012-10-10 00:00:00-04:00,0.007926268414295112,-0.0064000220608626535
2012-10-11 00:00:00-04:00,-0.0201899106317871,0.0005581525485043315
2012-10-12 00:00:00-04:00,0.002559983918911435,-0.0032838534208190495
2012-10-15 00:00:00-04:00,0.007987542877915033,0.008293189524603228
2012-10-16 00:00:00-04:00,0.02340272451960468,0.010082763458827415
2012-10-17 00:00:00-04:00,-0.008004075113320575,0.0045241369308195445
2012-10-18 00:00:00-04:00,-0.01874388329744958,-0.002602249503043552
2012-10-19 00:00:00-04:00,-0.036704514892851314,-0.016804793813290253
2012-10-22 00:00:00-04:00,0.03889929311416607,0.00013905550701931446
2012-10-23 00:00:00-04:00,-0.03314430116853062,-0.01397287634678257
2012-10-24 00:00:00-04:00,0.0056410492819503055,-0.00283281262252455
2012-10-25 00:00:00-04:00,-0.011888867706716155,0.002903208696245052
2012-10-26 00:00:00-04:00,-0.009129730143157655,-0.0005656346392006739
2012-10-31 00:00:00-04:00,-0.014475038129288631,0.0
2012-11-01 00:00:00-04:00,0.0020471907194750116,0.010415508570573273
2012-11-02 00:00:00-04:00,-0.033650905260512065,-0.00893107482604183
2012-11-05 00:00:00-05:00,0.0134662627419746,0.0020461930152491092
2012-11-06 00:00:00-05:00,-0.0030319823531912427,0.007794950091480679
2012-11-07 00:00:00-05:00,-0.03901395967774102,-0.02292443182796866
2012-11-08 00:00:00-05:00,-0.036965367705029006,-0.012096776472810156
2012-11-09 00:00:00-05:00,0.017164831516049528,0.0008685949814637439
2012-11-12 00:00:00-05:00,-0.007762430594506764,0.0007959113678337459
2012-11-13 00:00:00-05:00,0.00012889472096144772,-0.003477336927757868
2012-11-14 00:00:00-05:00,-0.011150357894332164,-0.013590784460474126
2012-11-15 00:00:00-05:00,-0.02119608297622433,-0.0016936835437899589
2012-11-16 00:00:00-05:00,0.003911548920743968,0.004925475599479867
2012-11-19 00:00:00-05:00,0.06962675350584302,0.020036978804984784
2012-11-20 00:00:00-05:00,-0.008556479996328914,0.0004314064364958625
2012-11-21 00:00:00-05:00,0.0014076363316957163,0.0018661470317100637
2012-11-23 00:00:00-05:00,0.01729690504675352,0.01353292215957147
2012-11-26 00:00:00-05:00,0.031061119110095348,-0.0021247727910136405
2012-11-27 00:00:00-05:00,-0.008090388315263208,-0.0051178402098353
2012-11-28 00:00:00-05:00,-0.0031511446732057635,0.008020500456180635
2012-11-29 00:00:00-05:00,0.01095264231270665,0.004654523962902779
2012-11-30 00:00:00-05:00,-0.006946868485168789,0.00021101825780966976
2012-12-03 00:00:00-05:00,0.0015536394697024392,-0.004936333753869704
2012-12-04 00:00:00-05:00,-0.017796742719756065,-0.0014148291765518906
2012-12-05 00:00:00-05:00,-0.0665209291710962,0.0017681213558651265
2012-12-06 00:00:00-05:00,0.015561298255134304,0.0033863869564925153
2012-12-07 00:00:00-05:00,-0.02589733501046565,0.00302418282105954
2012-12-10 00:00:00-05:00,-0.0064528678214630375,0.0004215402651706057
2012-12-11 00:00:00-05:00,0.021602417099712667,0.006784669663074894
2012-12-12 00:00:00-05:00,-0.004424214381254732,0.000488564053906515
2012-12-13 00:00:00-05:00,-0.017423817867364022,-0.006151237933393006
2012-12-14 00:00:00-05:00,-0.03829302315687455,-0.0037226045245706274
2012-12-17 00:00:00-05:00,0.017577466290648047,0.011683528274267552
2012-12-18 00:00:00-05:00,0.028632435087914576,0.011067650316253896
2012-12-19 00:00:00-05:00,-0.01431867463226455,-0.007457001177063383
2012-12-20 00:00:00-05:00,-0.008739945131060356,0.005735591077196567
2012-12-21 00:00:00-05:00,-0.004610056306384891,-0.009118468229492471
2012-12-24 00:00:00-05:00,0.0016154643925663237,-0.003085955500134574
2012-12-26 00:00:00-05:00,-0.013879887595261042,-0.0042240634417325396
2012-12-27 00:00:00-05:00,0.0040077675754828235,-0.0013414807114218164
2012-12-28 00:00:00-05:00,-0.010676704202446263,-0.010866897911241402
2012-12-31 00:00:00-05:00,0.04335640788494777,0.016853686571817406
2013-01-02 00:00:00-05:00,0.03119022067694699,0.02530737853920595
2013-01-03 00:00:00-05:00,-0.012703274562189115,-0.0022619815977975577
2013-01-04 00:00:00-05:00,-0.028249615336973122,0.004381886546592106
2013-01-07 00:00:00-05:00,-0.005899288493314447,-0.0027362060361442175
2013-01-08 00:00:00-05:00,0.002687384976626017,-0.0028815886224391463
2013-01-09 00:00:00-05:00,-0.01575211003689958,0.002539027620160006
2013-01-10 00:00:00-05:00,0.012319729508311728,0.007917887150122205
2013-01-11 00:00:00-05:00,-0.006150399124403183,-6.7802920842297e-05
2013-01-14 00:00:00-05:00,-0.03630337575860754,-0.0006801124617137333
2013-01-15 00:00:00-05:00,-0.03205800381131052,0.0006801124617137333
2013-01-16 00:00:00-05:00,0.040670214704934704,-0.00013627295323725974
2013-01-17 00:00:00-05:00,-0.006760990437946202,0.006439626333080817
2013-01-18 00:00:00-05:00,-0.005345689488474914,0.002227002730553096
2013-01-22 00:00:00-05:00,0.009495051166736435,0.0053792627404929405
2013-01-23 00:00:00-05:00,0.018140199671921042,0.0016078050415320178
2013-01-24 00:00:00-05:00,-0.13188493638360743,0.0002681664626251745
2013-01-25 00:00:00-05:00,-0.023856272027095393,0.005606123592209578
2013-01-28 00:00:00-05:00,0.022367822817391136,-0.0011989618964909354
2013-01-29 00:00:00-05:00,0.01858884329144983,0.00392377566449742
2013-01-30 00:00:00-05:00,-0.0031473317595938077,-0.00392377566449742
2013-01-31 00:00:00-05:00,-0.002937291655591423,-0.0024686000728673108
2013-02-01 00:00:00-05:00,-0.004113797935114238,0.010234691441560528
2013-02-04 00:00:00-05:00,-0.02522647064326211,-0.011303846599814982
2013-02-05 00:00:00-05:00,0.03448625357812407,0.010046911642232814
2013-02-06 00:00:00-05:00,-0.0010708775840435614,0.0007282295830561836
2013-02-07 00:00:00-05:00,0.02930027845872507,-0.0013244832042005328
2013-02-08 00:00:00-05:00,0.014334562401291606,0.00554942110092238
2013-02-11 00:00:00-05:00,0.010367500944793662,-0.00019798299195894487
2013-02-12 00:00:00-05:00,-0.025385324095842154,0.0016459022558104053
2013-02-13 00:00:00-05:00,-0.0019040852425500354,0.0008547391590498776
2013-02-14 00:00:00-05:00,-0.0008999661083968213,0.0009199971452860112
2013-02-15 00:00:00-05:00,-0.013876292651543665,-0.0011828285546604533
2013-02-19 00:00:00-05:00,-0.0003698925284476573,0.0074670788983732805
2013-02-20 00:00:00-05:00,-0.02451596774220599,-0.012541967152620792
2013-02-21 00:00:00-05:00,-0.006235285986556427,-0.006097961718253941
2013-02-22 00:00:00-05:00,0.010592713406384124,0.009725408609664754
2013-02-25 00:00:00-05:00,-0.01792791878348643,-0.019210285145236483
2013-02-26 00:00:00-05:00,0.013837801844902575,0.006822759206196238
2013-02-27 00:00:00-05:00,-0.009848552570376867,0.01251926711645357
2013-02-28 00:00:00-05:00,-0.007155698840812352,-0.00197686510051831
2013-03-01 00:00:00-05:00,-0.025074285593021273,0.0032925652859416843
2013-03-04 00:00:00-05:00,-0.024503731171602983,0.0053107087483530435
2013-03-05 00:00:00-05:00,0.026059247987368916,0.00891937713943669
2013-03-06 00:00:00-05:00,-0.0127919995873369,0.0013603375226569625
2013-03-07 00:00:00-05:00,0.011492291426633106,0.0018105164530979323
2013-03-08 00:00:00-05:00,0.0026439468496879392,0.004254954737120009
2013-03-11 00:00:00-04:00,0.014144728185175204,0.0037885998634124007
2013-03-12 00:00:00-04:00,-0.02179454282267601,-0.002245826989266675
2013-03-13 00:00:00-04:00,-0.00018644971269843325,0.0014126598181922745
2013-03-14 00:00:00-04:00,0.009641226849640638,0.0053095011483828
2013-03-15 00:00:00-04:00,0.025476399050867293,-0.0013207144842182217
2013-03-18 00:00:00-04:00,0.02681995554547756,-0.005534687758651735
2013-03-19 00:00:00-04:00,-0.0027022398057652275,-0.0023254141726738453
2013-03-20 00:00:00-04:00,-0.0053172186798917664,0.006960819666170792
2013-03-21 00:00:00-04:00,0.0014370064847519792,-0.00857908114703676
2013-03-22 00:00:00-04:00,0.020074173441594567,0.00800119798010801
2013-03-25 00:00:00-04:00,0.0036088016095101594,-0.0041868308584795955
2013-03-26 00:00:00-04:00,-0.005277552360360094,0.007971041394209344
2013-03-27 00:00:00-04:00,-0.019842429175496612,0.0
2013-03-28 00:00:00-04:00,-0.02105705890824483,0.0030687401151689997
2013-04-01 00:00:00-04:00,-0.031554740778748425,-0.003965703991690717
2013-04-02 00:00:00-04:00,0.0020494356883173914,0.004922795346882225
2013-04-03 00:00:00-04:00,0.0051060157461053635,-0.010191092366918397
2013-04-04 00:00:00-04:00,-0.009933761640215533,0.004050125789860637
2013-04-05 00:00:00-04:00,-0.010624190965166758,-0.004500941677171966
2013-04-08 00:00:00-04:00,0.007087628909117516,0.0067446036690812505
2013-04-09 00:00:00-04:00,0.0018048738247373741,0.003450572552422315
2013-04-10 00:00:00-04:00,0.020193835284198602,0.012174323870647541
2013-04-11 00:00:00-04:00,-0.00312639604906062,0.0032720238245325106
2013-04-12 00:00:00-04:00,-0.010484683695037855,-0.0024534051149620595
2013-04-15 00:00:00-04:00,-0.02342231878169132,-0.023445942475431636
2013-04-16 00:00:00-04:00,0.015104871063497338,0.014654618695746358
2013-04-17 00:00:00-04:00,-0.05656253667004618,-0.014719115833291774
2013-04-18 00:00:00-04:00,-0.02705050189314928,-0.0062734093508787225
2013-04-19 00:00:00-04:00,-0.003884376335724138,0.008655560916590588
2013-04-22 00:00:00-04:00,0.020628807512378167,0.004428437553577247
2013-04-23 00:00:00-04:00,0.01853931545623677,0.01025603396123742
2013-04-24 00:00:00-04:00,-0.0016513868581475855,0.0006338162149459592
2013-04-25 00:00:00-04:00,0.007176407295341303,0.004045454347982869
2013-04-26 00:00:00-04:00,0.021367275116593643,-0.001767423324507078
2013-04-29 00:00:00-04:00,0.03049861602187276,0.006676262797400412
2013-04-30 00:00:00-04:00,0.029008859669840792,0.0023819829807285586
2013-05-01 00:00:00-04:00,-0.007912902776344488,-0.008806109249094085
2013-05-02 00:00:00-04:00,0.014082170884532452,0.00924446647053312
2013-05-03 00:00:00-04:00,0.009960754199858979,0.010090000096438345
2013-05-06 00:00:00-04:00,0.023565984247148286,0.00253759285423083
2013-05-07 00:00:00-04:00,-0.004460050722327136,0.005055478318377382
2013-05-08 00:00:00-04:00,0.011230487062531491,0.0045407589749490995
2013-05-09 00:00:00-04:00,-0.0087622835085992,-0.002820274903875486
2013-05-10 00:00:00-04:00,-0.008353866040970104,0.003248694753678727
2013-05-13 00:00:00-04:00,0.003899729858270362,0.0007953507565456874
2013-05-14 00:00:00-04:00,-0.024216790181522008,0.010280666989033627
2013-05-15 00:00:00-04:00,-0.0344017196241988,0.005372533446103667
2013-05-16 00:00:00-04:00,0.01327270736798658,-0.004706602588722575
2013-05-17 00:00:00-04:00,-0.003041775142632819,0.009630097611142752
2013-05-20 00:00:00-04:00,0.02207358517972091,-5.947201571299132e-05
2013-05-21 00:00:00-04:00,-0.007410040151974329,0.001436766144037982
2013-05-22 00:00:00-04:00,0.0038365808208076224,-0.007445476931262185
2013-05-23 00:00:00-04:00,0.0017883258661828272,-0.0028967739738599008
2013-05-24 00:00:00-04:00,0.0067846136614035935,-0.0008465670905088984
2013-05-28 00:00:00-04:00,-0.008368987424507424,0.005970790337473275
2013-05-29 00:00:00-04:00,0.007919474774141122,-0.0065153824615702405
2013-05-30 00:00:00-04:00,0.014790815479224673,0.0036849331499553273
2013-05-31 00:00:00-04:00,-0.004105018025011287,-0.014456234725912509
2013-06-03 00:00:00-04:00,0.0021989193975002763,0.005491059627221517
2013-06-04 00:00:00-04:00,-0.003133793896218151,-0.004817879049487495
2013-06-05 00:00:00-04:00,-0.009391170440861796,-0.014099985507462165
2013-06-06 00:00:00-04:00,-0.015052922113155454,0.009012191157176552
2013-06-07 00:00:00-04:00,0.007611484478636132,0.012640285770593174
2013-06-10 00:00:00-04:00,-0.0066313680812744025,0.0
2013-06-11 00:00:00-04:00,-0.002943449788062047,-0.010368966794469081
2013-06-12 00:00:00-04:00,-0.012439924213752729,-0.008311764734217242
2013-06-13 00:00:00-04:00,0.00868525496869621,0.015094581929267825
2013-06-14 00:00:00-04:00,-0.013648844531950033,-0.006292573026404291
2013-06-17 00:00:00-04:00,0.004523861216825242,0.007691933758299463
2013-06-18 00:00:00-04:00,-0.0005323104425687397,0.007874582873193425
2013-06-19 00:00:00-04:00,-0.020521107979491582,-0.013913466003711683
2013-06-20 00:00:00-04:00,-0.014669772067549935,-0.025089928913712534
2013-06-21 00:00:00-04:00,-0.008044898493442254,0.003204909369149078
2013-06-24 00:00:00-04:00,-0.02686315065552103,-0.012716282447043703
2013-06-25 00:00:00-04:00,0.00022353601738611673,0.009568194483103198
2013-06-26 00:00:00-04:00,-0.011389875925218007,0.009851874091535429
2013-06-27 00:00:00-04:00,-0.010835580581757043,0.00585305709352113
2013-06-28 00:00:00-04:00,0.006959379865546733,-0.00410574552310905
2013-07-01 00:00:00-04:00,0.03150089440170056,0.005842279079055324
2013-07-02 00:00:00-04:00,0.02240026804283346,-0.0009300330476369467
2013-07-03 00:00:00-04:00,0.005504564067873474,0.0004345084759158624
2013-07-05 00:00:00-04:00,-0.008064603083160815,0.010730836567837798
2013-07-08 00:00:00-04:00,-0.005693872740178296,0.005688204984695133
2013-07-09 00:00:00-04:00,0.01743532049801333,0.007172026042173485
2013-07-10 00:00:00-04:00,-0.00384309506661884,0.0003631466140658901
2013-07-11 00:00:00-04:00,0.015471510715632242,0.01352866754431492
2013-07-12 00:00:00-04:00,-0.0018268955991826985,0.0004176633003760699
2013-07-15 00:00:00-04:00,0.002178072490911731,0.0038136083346129723
2013-07-16 00:00:00-04:00,0.006436460986667836,-0.0037534046712819347
2013-07-17 00:00:00-04:00,0.0002553017106565747,0.002563241947520112
2013-07-18 00:00:00-04:00,0.0033639749706289024,0.005462877741567063
2013-07-19 00:00:00-04:00,-0.015897864955499053,0.0017747176582503243
2013-07-22 00:00:00-04:00,0.0031949655232290652,0.0019487381006877413
2013-07-23 00:00:00-04:00,-0.01731948660371252,-0.002125798199329232
2013-07-24 00:00:00-04:00,0.05008588083691734,-0.003672338324739677
2013-07-25 00:00:00-04:00,-0.004573223795051984,0.00243012416479349
2013-07-26 00:00:00-04:00,0.00566218268497698,0.0010651227054729873
2013-07-29 00:00:00-04:00,0.015302490016392944,-0.0030796953483447354
2013-07-30 00:00:00-04:00,0.012273790537141505,0.0
2013-07-31 00:00:00-04:00,-0.0017445275340031152,0.0007111507961337082
2013-08-01 00:00:00-04:00,0.009128608851207254,0.011492259667831739
2013-08-02 00:00:00-04:00,0.012750487147497935,0.001697906099554558
2013-08-05 00:00:00-04:00,0.014829061161280244,-0.001463786696252356
2013-08-06 00:00:00-04:00,-0.008986790778652054,-0.005698398209847966
2013-08-07 00:00:00-04:00,-0.000581055474259351,-0.0032457843021811428
2013-08-08 00:00:00-04:00,-0.001993508086188811,0.003657813590335124
2013-08-09 00:00:00-04:00,-0.014331742829645666,-0.0028899118871876794
2013-08-12 00:00:00-04:00,0.0280120194669653,-0.0011815537100412499
2013-08-13 00:00:00-04:00,0.04642750229502246,0.00295188780045752
2013-08-14 00:00:00-04:00,0.018076179555056804,-0.005142469920541792
2013-08-15 00:00:00-04:00,-0.0011843700163876036,-0.014084787867770565
2013-08-16 00:00:00-04:00,0.008838338617937147,-0.003311360687006548
2013-08-19 00:00:00-04:00,0.010712005317731421,-0.006412098065194272
2013-08-20 00:00:00-04:00,-0.01322414726633836,0.004903886675679203
2013-08-21 00:00:00-04:00,0.002571403278372131,-0.006179761045319587
2013-08-22 00:00:00-04:00,0.0011939229617734526,0.009074176199166395
2013-08-23 00:00:00-04:00,-0.003864537074668828,0.0033668532515394034
2013-08-26 00:00:00-04:00,0.003884143193899625,-0.003728211653608149
2013-08-27 00:00:00-04:00,-0.029006595350563824,-0.016215085792436135
2013-08-28 00:00:00-04:00,0.004716874290944695,0.0035452829534134978
2013-08-29 00:00:00-04:00,0.001628200616466735,0.0015845343515108468
2013-08-30 00:00:00-04:00,-0.009153048238983885,-0.003172513633449725
2013-09-03 00:00:00-04:00,0.002787282413583725,0.004511840527498201
2013-09-04 00:00:00-04:00,0.020481346307883008,0.008239161458669209
2013-09-05 00:00:00-04:00,-0.0068816012429553375,0.0012660312808856489
2013-09-06 00:00:00-04:00,0.00593883569745568,0.00048166896358203815
2013-09-09 00:00:00-04:00,0.015830553424852845,0.009530604922468378
2013-09-10 00:00:00-04:00,-0.023041730845358988,0.0073697941753207985
2013-09-11 00:00:00-04:00,-0.05598199523262215,0.0031335716642173495
2013-09-12 00:00:00-04:00,0.010591062830914044,-0.002659862913010791
2013-09-13 00:00:00-04:00,-0.016617124627174462,0.002246411025448758
2013-09-16 00:00:00-04:00,-0.03230818827769122,0.005771152391660372
2013-09-17 00:00:00-04:00,0.011486074066698215,0.00445236308539787
2013-09-18 00:00:00-04:00,0.020348480390329104,0.011507922218829236
2013-09-19 00:00:00-04:00,0.016265521617969014,-0.0016772844849910484
2013-09-20 00:00:00-04:00,-0.010407435817652466,-0.007015891037718269
2013-09-23 00:00:00-04:00,0.04850407464512019,-0.004638153963764324
2013-09-24 00:00:00-04:00,-0.0031441150230571147,-0.0023571594481976987
2013-09-25 00:00:00-04:00,-0.015598466162777935,-0.002894351227401337
2013-09-26 00:00:00-04:00,0.009692704296536458,0.003837859537014765
2013-09-27 00:00:00-04:00,-0.007162195226427581,-0.00460706758653906
2013-09-30 00:00:00-04:00,-0.012506498738483085,-0.0053423649520487615
2013-10-01 00:00:00-04:00,0.023241577304738748,0.007884749023475024
2013-10-02 00:00:00-04:00,0.0032732622099964637,-0.0009453473619105424
2013-10-03 00:00:00-04:00,-0.012642006589875798,-0.009263315795682736
2013-10-04 00:00:00-04:00,-0.000786513440631964,0.007547886852559138
2013-10-07 00:00:00-04:00,0.009724357295005426,-0.008682070466583092
2013-10-08 00:00:00-04:00,-0.01406049992907965,-0.011715434291666327
2013-10-09 00:00:00-04:00,0.01167909690828317,0.0007253435705045774
2013-10-10 00:00:00-04:00,0.006248976454616084,0.021328378294125372
2013-10-11 00:00:00-04:00,0.00645327764361836,0.006422753487187904
2013-10-14 00:00:00-04:00,0.006532498829953326,0.00398567427212182
2013-10-15 00:00:00-04:00,0.0053081187776164995,-0.007280377831031082
2013-10-16 00:00:00-04:00,0.004861233313155022,0.013869837720027256
2013-10-17 00:00:00-04:00,0.0067418663325011785,0.006660675971668972
2013-10-18 00:00:00-04:00,0.008663858099669852,0.006731927994646725
2013-10-21 00:00:00-04:00,0.02420909423693951,5.71137449698611e-05
2013-10-22 00:00:00-04:00,-0.0028614678116234415,0.005774528777850563
2013-10-23 00:00:00-04:00,0.009743025312171305,-0.004800297321547298
2013-10-24 00:00:00-04:00,0.013151591353897096,0.0033167871072974364
2013-10-25 00:00:00-04:00,-0.011248592243824795,0.004557814663308513
2013-10-28 00:00:00-04:00,0.0074251274941521395,0.0015900283879206611
2013-10-29 00:00:00-04:00,-0.02522650762670775,0.005319460743225868
2013-10-30 00:00:00-04:00,0.01578424888854002,-0.004979329910976382
2013-10-31 00:00:00-04:00,-0.00420027296329506,-0.002840621915657593
2013-11-01 00:00:00-04:00,-0.005121233538983194,0.002386372006797366
2013-11-04 00:00:00-05:00,0.012839430695609888,0.0035126955649404934
2013-11-05 00:00:00-05:00,-0.0024706657992932257,-0.00317209621639325
2013-11-06 00:00:00-05:00,-0.002837031222786557,0.005092980471289366
2013-11-07 00:00:00-05:00,-0.016315838885282652,-0.01272393654797277
2013-11-08 00:00:00-05:00,0.0156244514501922,0.013400902612055177
2013-11-11 00:00:00-05:00,-0.0029049244622356696,0.0001693835138354416
2013-11-12 00:00:00-05:00,0.0018477965610670388,-0.0020323580694761034
2013-11-13 00:00:00-05:00,0.0011914405881752188,0.007992035411883869
2013-11-14 00:00:00-05:00,0.014359514387866312,0.004977436080390696
2013-11-15 00:00:00-05:00,-0.0060198303152847465,0.004341506889726787
2013-11-18 00:00:00-05:00,-0.012188711768733373,-0.003505384188506433
2013-11-19 00:00:00-05:00,0.0017723905791457994,-0.00217607294081823
2013-11-20 00:00:00-05:00,-0.008795771715704337,-0.0031328433045736404
2013-11-21 00:00:00-05:00,0.011851493423697068,0.008036363992491857
2013-11-22 00:00:00-05:00,-0.002574828254946926,0.004989879062756941
2013-11-25 00:00:00-05:00,0.007551289637476533,-0.0009960487887745728
2013-11-26 00:00:00-05:00,0.018276537090377687,0.0002767215267276413
2013-11-27 00:00:00-05:00,0.023274159221255086,0.0024322713824860287
2013-11-29 00:00:00-05:00,0.018348526745127547,-0.0006624368840766337
2013-12-02 00:00:00-05:00,-0.008742275571284708,-0.0026003338003359744
2013-12-03 00:00:00-05:00,0.027007049051541276,-0.004330466372588937
2013-12-04 00:00:00-05:00,-0.0023335918270950273,-0.00011083070999706734
2013-12-05 00:00:00-05:00,0.00511950160765684,-0.004405128104359335
2013-12-06 00:00:00-05:00,-0.013972913261089293,0.011114957299519723
2013-12-09 00:00:00-05:00,0.01138122387839502,0.002538916156757942
2013-12-10 00:00:00-05:00,-0.0015548204135038546,-0.0035895626669093517
2013-12-11 00:00:00-05:00,-0.0074361655779835445,-0.01129452303910039
2013-12-12 00:00:00-05:00,-0.0014618369412136012,-0.003306764522234218
2013-12-13 00:00:00-05:00,-0.010960304107646923,-0.00011247656395685368
2013-12-16 00:00:00-05:00,0.0055224868307877095,0.006213146045331186
2013-12-17 00:00:00-05:00,-0.0045125113762849445,-0.0031855862720586714
2013-12-18 00:00:00-05:00,-0.007633046788402265,0.016928432992417086
2013-12-19 00:00:00-05:00,-0.01152290506979936,-0.0011562141535312875
2013-12-20 00:00:00-05:00,0.008340635170259958,0.005799802686405897
2013-12-23 00:00:00-05:00,0.03765891288558265,0.005328447885271537
2013-12-24 00:00:00-05:00,-0.004253715646742151,0.0021887721965825335
2013-12-26 00:00:00-05:00,-0.006663369566156874,0.005071406347243013
2013-12-27 00:00:00-05:00,-0.006779073310314576,-5.459957080766742e-05
2013-12-30 00:00:00-05:00,-0.00999472104724397,-0.0001633043125188749
2013-12-31 00:00:00-05:00,0.011653824707959615,0.004721768013851602
2014-01-02 00:00:00-05:00,-0.014163983669580382,-0.00962963284683127
2014-01-03 00:00:00-05:00,-0.022210511397850574,-0.00016413462783226862
2014-01-06 00:00:00-05:00,0.005438257651196654,-0.002902028329618389
2014-01-07 00:00:00-05:00,-0.007177028237361771,0.006122645347510058
2014-01-08 00:00:00-05:00,0.0063122821225345405,0.00021810238592401276
2014-01-09 00:00:00-05:00,-0.012852089076553774,0.0006537142166029852
2014-01-10 00:00:00-05:00,-0.006694384286435984,0.0027190141455495365
2014-01-13 00:00:00-05:00,0.0052210979398776836,-0.0133943575533646
2014-01-14 00:00:00-05:00,0.01970243511031322,0.010838192504388111
2014-01-15 00:00:00-05:00,0.01987857684745986,0.00537612721152847
2014-01-16 00:00:00-05:00,-0.0055957433872610984,-0.0013007293214233329
2014-01-17 00:00:00-05:00,-0.02480676673701554,-0.004238246986678185
2014-01-21 00:00:00-05:00,0.015416740916516236,0.00293592582218416
2014-01-22 00:00:00-05:00,0.004434503650880828,0.0006514747781904973
2014-01-23 00:00:00-05:00,0.008431474637941694,-0.008226697811118733
2014-01-24 00:00:00-05:00,-0.018344309956221938,-0.021567203838416482
2014-01-27 00:00:00-05:00,0.008079275544897069,-0.00493130599188607
2014-01-28 00:00:00-05:00,-0.0833022548221587,0.00593739496119472
2014-01-29 00:00:00-05:00,-0.011417444958713663,-0.009652111257328677
2014-01-30 00:00:00-05:00,-0.001938737112977762,0.01054486304932567
2014-01-31 00:00:00-05:00,0.001639534793729247,-0.005875317988009776
2014-02-03 00:00:00-05:00,0.0018558382102855653,-0.02276251575242405
2014-02-04 00:00:00-05:00,0.014372072265331326,0.00698042286311118
2014-02-05 00:00:00-05:00,0.007440799610770821,-0.00125544222254792
2014-02-06 00:00:00-05:00,0.005811908176835523,0.013100683518318057
2014-02-07 00:00:00-05:00,0.013892628633418447,0.012320158238151357
2014-02-10 00:00:00-05:00,0.01775630453879362,0.001834839553747969
2014-02-11 00:00:00-05:00,0.013090606787656611,0.010883837970978583
2014-02-12 00:00:00-05:00,-7.513828965555192e-05,0.0004946811531194584
2014-02-13 00:00:00-05:00,0.015754493616468412,0.005149947531611687
2014-02-14 00:00:00-05:00,-0.000808780555461297,0.005503543319781201
2014-02-18 00:00:00-05:00,0.0036706892951268166,0.0011945894778122579
2014-02-19 00:00:00-05:00,-0.01591383383232081,-0.006643488447144463
2014-02-20 00:00:00-05:00,-0.0116428040474168,0.0058832649698787876
2014-02-21 00:00:00-05:00,-0.011169815352042978,-0.0011410102775730735
2014-02-24 00:00:00-05:00,0.004368775747577658,0.005531058843547321
2014-02-25 00:00:00-05:00,-0.010460831077326649,-0.0003783565820549839
2014-02-26 00:00:00-05:00,-0.009063038487695518,5.379771083902085e-05
2014-02-27 00:00:00-05:00,0.019751913948349742,0.005234265847754216
2014-02-28 00:00:00-05:00,-0.002714229845847349,0.0025259173393124
2014-03-03 00:00:00-05:00,0.0028846192860170206,-0.007056799941834058
2014-03-04 00:00:00-05:00,0.006571994396935121,0.013957627245411608
2014-03-05 00:00:00-05:00,0.0021060749751389274,0.0009055351311895166
2014-03-06 00:00:00-05:00,-0.003028713379923609,0.002287830328023155
2014-03-07 00:00:00-05:00,-0.0005842890865355166,0.0004251660115155431
2014-03-10 00:00:00-04:00,0.0009040133573874343,-0.0005308601745435126
2014-03-11 00:00:00-04:00,0.009690973199926844,-0.004955523307565102
2014-03-12 00:00:00-04:00,0.0009696516944899258,0.0002672364642712921
2014-03-13 00:00:00-04:00,-0.011169183446770425,-0.011276623306730293
2014-03-14 00:00:00-04:00,-0.011294877276784465,-0.0028118289219909443
2014-03-17 00:00:00-04:00,0.003899827684806567,0.009002952253344354
2014-03-18 00:00:00-04:00,0.008807612399810871,0.007112841846968365
2014-03-19 00:00:00-04:00,-0.00026382386132395297,-0.005343428297555519
2014-03-20 00:00:00-04:00,-0.0048298634895829196,0.005822237104262662
2014-03-21 00:00:00-04:00,0.007855905429575039,-0.003885543761881216
2014-03-24 00:00:00-04:00,0.011790754082730448,-0.0041444752505599425
2014-03-25 00:00:00-04:00,0.010699639043906473,0.0047349277863970585
2014-03-26 00:00:00-04:00,-0.009606215291930287,-0.007218326254492702
2014-03-27 00:00:00-04:00,-0.004307098714694035,-0.002110892680552645
2014-03-28 00:00:00-04:00,-0.00111686964992197,0.004918030987592026
2014-03-31 00:00:00-04:00,-0.00022356937389078624,0.00816119598351861
2014-04-01 00:00:00-04:00,0.009106140440399813,0.006608803026757926
2014-04-02 00:00:00-04:00,0.001660151325796555,0.003341208161676157
2014-04-03 00:00:00-04:00,-0.006954532853243212,-0.0013245073864087686
2014-04-04 00:00:00-04:00,-0.013020484878574656,-0.011892636908757304
2014-04-07 00:00:00-04:00,-0.015825774371958534,-0.011113158661134825
2014-04-08 00:00:00-04:00,-5.667325865621464e-05,0.004114329198831257
2014-04-09 00:00:00-04:00,0.013058368978588586,0.010693812690885096
2014-04-10 00:00:00-04:00,-0.012982024761210464,-0.021229739012233573
2014-04-11 00:00:00-04:00,-0.007420274453937115,-0.009049318060496248
2014-04-14 00:00:00-04:00,0.003975829138787468,0.007847429128070793
2014-04-15 00:00:00-04:00,-0.007156481710842932,0.0068638594046595
2014-04-16 00:00:00-04:00,0.002025275488077405,0.010423359713844782
2014-04-17 00:00:00-04:00,0.011360102328462851,0.0013960078984665003
2014-04-21 00:00:00-04:00,0.011799006605685225,0.003480765425594612
2014-04-22 00:00:00-04:00,0.0009973034882038156,0.004534501943187053
2014-04-23 00:00:00-04:00,-0.013157521167411979,-0.0023448033028312665
2014-04-24 00:00:00-04:00,0.07879393509514143,0.002025299286924742
2014-04-25 00:00:00-04:00,0.007317934821525096,-0.008232915679666775
2014-04-28 00:00:00-04:00,0.037996845288234216,0.0031623068674200283
2014-04-29 00:00:00-04:00,-0.0029667604416512283,0.00464484408934851
2014-04-30 00:00:00-04:00,-0.003788878042040089,0.0029778477615192145
2014-05-01 00:00:00-04:00,0.002352191852667218,0.00010634077808457931
2014-05-02 00:00:00-04:00,0.0018581669836303938,-0.0014346610799078618
2014-05-05 00:00:00-04:00,0.014042500118076617,0.0019126566214131557
2014-05-06 00:00:00-04:00,-0.010958810086448612,-0.008742269906396594
2014-05-07 00:00:00-04:00,-0.0035051708258855285,0.005872360491282258
2014-05-08 00:00:00-04:00,-0.001784311010549544,-0.0010655670164236852
2014-05-09 00:00:00-04:00,-0.004175121578669394,0.0014908376364344278
2014-05-12 00:00:00-04:00,0.0123722645077744,0.009689155769833313
2014-05-13 00:00:00-04:00,0.0015679570471895943,0.0008953089611267728
2014-05-14 00:00:00-04:00,0.00018548130990270195,-0.004748961817414354
2014-05-15 00:00:00-04:00,-0.008540309940425317,-0.008819203984494983
2014-05-16 00:00:00-04:00,0.014650643479032777,0.0034624379329066812
2014-05-19 00:00:00-04:00,0.011779263240570437,0.003662423517087454
2014-05-20 00:00:00-04:00,0.00019899231727515954,-0.0063245111014840205
2014-05-21 00:00:00-04:00,0.0026418137205785897,0.008389025044049703
2014-05-22 00:00:00-04:00,0.0015822064131421065,0.0024286433672910945
2014-05-23 00:00:00-04:00,0.011233209583992654,0.004001119522156316
2014-05-27 00:00:00-04:00,0.018552826987895177,0.006127798652899585
2014-05-28 00:00:00-04:00,-0.0025930437082331004,-0.0007311380550234503
2014-05-29 00:00:00-04:00,0.018056951960946588,0.00515931573871331
2014-05-30 00:00:00-04:00,-0.0037524718766865917,0.0016103337524535632
2014-06-02 00:00:00-04:00,-0.006895682112895596,0.0011409735634906326
2014-06-03 00:00:00-04:00,0.014041709898511723,-0.0005185337017961089
2014-06-04 00:00:00-04:00,0.011354020278195875,0.002020985959242161
2014-06-05 00:00:00-04:00,0.003916317136153591,0.0065006746603275545
2014-06-06 00:00:00-04:00,-0.002753652141791907,0.0047711003259331974
2014-06-09 00:00:00-04:00,0.015874919301444468,0.0010236901890898764
2014-06-10 00:00:00-04:00,0.005852295584718004,0.00010219636878172622
2014-06-11 00:00:00-04:00,-0.004145979038726377,-0.0034829540464809128
2014-06-12 00:00:00-04:00,-0.016868641856341515,-0.007104818421711734
2014-06-13 00:00:00-04:00,-0.011004610161434059,0.003044026649894782
2014-06-16 00:00:00-04:00,0.010028841512870201,0.0008234771678168329
2014-06-17 00:00:00-04:00,-0.0013023501077640276,0.0027756472280042743
2014-06-18 00:00:00-04:00,0.001085204839891496,0.007313166628526879
2014-06-19 00:00:00-04:00,-0.003477434622390696,0.001119981607632603
2014-06-20 00:00:00-04:00,-0.01039548960416381,0.0020284119916258447
2014-06-23 00:00:00-04:00,-0.0008799523095723849,-0.0003059621977667959
2014-06-24 00:00:00-04:00,-0.006074280834692747,-0.006042269996373584
2014-06-25 00:00:00-04:00,0.000885889470806589,0.004509144904580431
2014-06-26 00:00:00-04:00,0.005958188411900878,-0.0007159771004197069
2014-06-27 00:00:00-04:00,0.011811301523921625,0.0019424745544851518
2014-06-30 00:00:00-04:00,0.010275459605746828,-0.0005110326101114282
2014-07-01 00:00:00-04:00,0.006328476491820556,0.006671066925279412
2014-07-02 00:00:00-04:00,-0.0004275539041707077,0.0010143514788376606
2014-07-03 00:00:00-04:00,0.005866213267184062,0.004906402622587791
2014-07-07 00:00:00-04:00,0.0204218024042091,-0.0034876589639116773
2014-07-08 00:00:00-04:00,-0.0064814286534446985,-0.00645079990561559
2014-07-09 00:00:00-04:00,0.00041926187516905244,0.00447440860445969
2014-07-10 00:00:00-04:00,-0.0036756146807466195,-0.00396463475921216
2014-07-11 00:00:00-04:00,0.001892079220785714,0.0013741056099147997
2014-07-14 00:00:00-04:00,0.01283464760900399,0.005022798010355878
2014-07-15 00:00:00-04:00,-0.011784844476331546,-0.0018746212185787314
2014-07-16 00:00:00-04:00,-0.005681119319888683,0.003694642010206195
2014-07-17 00:00:00-04:00,-0.017991758039685557,-0.011431359213150749
2014-07-18 00:00:00-04:00,0.014291984184046758,0.010167726128671006
2014-07-21 00:00:00-04:00,-0.0052021578055194695,-0.0018733883835393428
2014-07-22 00:00:00-04:00,0.008268648197681028,0.004348782080400682
2014-07-23 00:00:00-04:00,0.02574261444501591,0.002217347526339175
2014-07-24 00:00:00-04:00,-0.0016478951644516293,5.0260303760651936e-05
2014-07-25 00:00:00-04:00,0.006574369010314829,-0.004692504816291354
2014-07-28 00:00:00-04:00,0.013727299400661863,0.00040454233551123764
2014-07-29 00:00:00-04:00,-0.00648400350126721,-0.004306144053303207
2014-07-30 00:00:00-04:00,-0.002340618399984784,0.00015187746104672328
2014-07-31 00:00:00-04:00,-0.026324474277064525,-0.019945374403675054
2014-08-01 00:00:00-04:00,0.005528547850201182,-0.003060758460415869
2014-08-04 00:00:00-04:00,-0.005632934427493463,0.0071948840492526145
2014-08-05 00:00:00-04:00,-0.004929486290780272,-0.009743183381599962
2014-08-06 00:00:00-04:00,-0.0016833294071361138,0.00031203084179054486
2014-08-07 00:00:00-04:00,-0.0001056403996280153,-0.00542917102134588
2014-08-08 00:00:00-04:00,0.0027481514128888662,0.01150226320615566
2014-08-11 00:00:00-04:00,0.01310782316716308,0.002894131667891209
2014-08-12 00:00:00-04:00,-0.0002084411825395982,-0.0013945252505980221
2014-08-13 00:00:00-04:00,0.013146669938274957,0.0067464945426163325
2014-08-14 00:00:00-04:00,0.002670253029672054,0.0047103193491970785
2014-08-15 00:00:00-04:00,0.004911009035981184,-0.00020431092303674347
2014-08-18 00:00:00-04:00,0.011971164172554172,0.008344408293075922
2014-08-19 00:00:00-04:00,0.013721603483562106,0.0052054556139156105
2014-08-20 00:00:00-04:00,0.0003976765230975232,0.0026679845330885854
2014-08-21 00:00:00-04:00,9.915752723355098e-05,0.0029115153775975955
2014-08-22 00:00:00-04:00,0.007330688125197327,-0.0015552196573898058
2014-08-25 00:00:00-04:00,0.002168971719297197,0.005057740313253234
2014-08-26 00:00:00-04:00,-0.006422226866826364,0.0006494030430914677
2014-08-27 00:00:00-04:00,0.012216145893543917,-0.00039971176562403343
2014-08-28 00:00:00-04:00,0.0011740528325883126,-0.0005492352931693034
2014-08-29 00:00:00-04:00,0.0024421239418424,0.0028437720282656898
2014-09-02 00:00:00-04:00,0.0077747907978342745,-0.0004983929743360704
2014-09-03 00:00:00-04:00,-0.04312415993521013,-0.0005483424781278501
2014-09-04 00:00:00-04:00,-0.008322410489074006,-0.0014477170949751539
2014-09-05 00:00:00-04:00,0.008625628582738631,0.004485451403957619
2014-09-08 00:00:00-04:00,-0.006182580565469831,-0.002589211880413167
2014-09-09 00:00:00-04:00,-0.00376875881922345,-0.006351154127456127
2014-09-10 00:00:00-04:00,0.03025516433330555,0.0037556871988293494
2014-09-11 00:00:00-04:00,0.0042482043547358295,0.0011492380059570095
2014-09-12 00:00:00-04:00,0.0022651525454087107,-0.005858589477202081
2014-09-15 00:00:00-04:00,-0.000295364027226519,-0.0007536641402676736
2014-09-16 00:00:00-04:00,-0.007605178596935325,0.007509992224076889
2014-09-17 00:00:00-04:00,0.0071132230492536586,0.001345842264651509
2014-09-18 00:00:00-04:00,0.002065457126446457,0.0053159530159652135
2014-09-19 00:00:00-04:00,-0.00818773499392167,-0.0009013078731747726
2014-09-22 00:00:00-04:00,0.0009901356526076377,-0.007753085963879691
2014-09-23 00:00:00-04:00,0.015513183453812918,-0.0057407238289108875
2014-09-24 00:00:00-04:00,-0.008708663586147747,0.007797548712244584
2014-09-25 00:00:00-04:00,-0.03887879252321369,-0.016267056234655186
2014-09-26 00:00:00-04:00,0.029002025342859117,0.007913920388075368
2014-09-29 00:00:00-04:00,-0.006372605538943699,-0.0018207455636014558
2014-09-30 00:00:00-04:00,0.006372605538943699,-0.002636041781000742
2014-10-01 00:00:00-04:00,-0.015705778630393574,-0.013644369040718196
2014-10-02 00:00:00-04:00,0.007233104372172505,0.00015424426932852953
2014-10-03 00:00:00-04:00,-0.002806563850667576,0.010949484654165786
2014-10-06 00:00:00-04:00,0.0,-0.0011712970328972006
2014-10-07 00:00:00-04:00,-0.00877167955351954,-0.015556585899165754
2014-10-08 00:00:00-04:00,0.020547268829564036,0.017338097035226596
2014-10-09 00:00:00-04:00,0.00218006244437019,-0.020032595926918084
2014-10-10 00:00:00-04:00,-0.0028749198612545435,-0.011480161007275669
2014-10-13 00:00:00-04:00,-0.009175536904128645,-0.016562717096518575
2014-10-14 00:00:00-04:00,-0.010676874508551037,0.001545661411598509
2014-10-15 00:00:00-04:00,-0.01232891554960247,-0.006789280758193961
2014-10-16 00:00:00-04:00,-0.013209389982293818,-0.0008583172595617583
2014-10-17 00:00:00-04:00,0.014541390476613625,0.011741688279959028
2014-10-20 00:00:00-04:00,0.021172774281070783,0.009662959012073813
2014-10-21 00:00:00-04:00,0.026803131853160966,0.01961719730224587
2014-10-22 00:00:00-04:00,0.00506186920412155,-0.007136111900751807
2014-10-23 00:00:00-04:00,0.01770781431708368,0.011557488383204806
2014-10-24 00:00:00-04:00,0.003713275693453255,0.007665644865159749
2014-10-27 00:00:00-04:00,-0.0010460107215757297,-0.0013755906825201336
2014-10-28 00:00:00-04:00,0.015388688685273877,0.011405037614638402
2014-10-29 00:00:00-04:00,0.0056054294646887826,-0.0015129834010396692
2014-10-30 00:00:00-04:00,-0.0033592104034116943,0.006389998159672672
2014-10-31 00:00:00-04:00,0.009488874675258607,0.011370733194703497
2014-11-03 00:00:00-05:00,0.012879741916613341,0.0005448625659845163
2014-11-04 00:00:00-05:00,-0.0073390487134528115,-0.0034749124014252786
2014-11-05 00:00:00-05:00,0.0023907894399095575,0.0062960413223001055
2014-11-06 00:00:00-05:00,0.0028561529030528554,0.0039953984736280646
2014-11-07 00:00:00-05:00,0.00284793938139849,0.0009348391177042004
2014-11-10 00:00:00-05:00,-0.0016525369730180373,0.0031421915615679197
2014-11-11 00:00:00-05:00,0.007962424396822154,0.000980072693748113
2014-11-12 00:00:00-05:00,0.014029937565259498,-0.0010776956744207311
2014-11-13 00:00:00-05:00,0.014014079648714262,0.001126728684790912
2014-11-14 00:00:00-05:00,0.011982363932240947,0.0002451289947886792
2014-11-17 00:00:00-05:00,-0.001665137398975336,0.0006360545486643332
2014-11-18 00:00:00-05:00,0.012900263044738569,0.005756964880201387
2014-11-19 00:00:00-05:00,-0.006952629819533485,-0.001606555786314523
2014-11-20 00:00:00-05:00,0.014200287679561718,0.0017529383878658322
2014-11-21 00:00:00-05:00,0.0013748102981092636,0.005336351650476523
2014-11-24 00:00:00-05:00,0.01837590346628115,0.002802417191948514
2014-11-25 00:00:00-05:00,-0.008720500125107833,-0.0007242177075674761
2014-11-26 00:00:00-05:00,0.011834553445331242,0.002555819101106138
2014-11-28 00:00:00-05:00,-0.0005886960096921356,-0.002121386904542888
2014-12-01 00:00:00-05:00,-0.03299422639018523,-0.006973665089876846
2014-12-02 00:00:00-05:00,-0.0038312768284725074,0.006442636871568652
2014-12-03 00:00:00-05:00,0.011277220605032667,0.003855777171557939
2014-12-04 00:00:00-05:00,-0.003802801190943228,-0.0011070218878952431
2014-12-05 00:00:00-05:00,-0.00425165049564713,0.001636185666066936
2014-12-08 00:00:00-05:00,-0.022868236021027943,-0.006705329912296776
2014-12-09 00:00:00-05:00,0.015186936466351497,-0.0006778255576893599
2014-12-10 00:00:00-05:00,-0.01919832698375501,-0.016160943545608042
2014-12-11 00:00:00-05:00,-0.0029518749782231346,0.005056671927546219
2014-12-12 00:00:00-05:00,-0.017077756346477457,-0.016293320630803798
2014-12-15 00:00:00-05:00,-0.013764196937247064,-0.006893478213521043
2014-12-16 00:00:00-05:00,-0.013769192395975072,-0.008051481540303662
2014-12-17 00:00:00-05:00,0.024612858541879667,0.019414943526552264
2014-12-18 00:00:00-05:00,0.029183229043876047,0.0244279741401634
2014-12-19 00:00:00-05:00,-0.007752870764920594,0.004245888555457711
2014-12-22 00:00:00-05:00,0.010323810270546296,0.004589320788305429
2014-12-23 00:00:00-05:00,-0.0035476145814592464,0.0013489137863347267
2014-12-24 00:00:00-05:00,-0.004721112352525925,9.620518564013025e-05
2014-12-26 00:00:00-05:00,0.017523089359484878,0.0032193979767409786
2014-12-29 00:00:00-05:00,-0.0007023513993567043,0.0013423751034089548
2014-12-30 00:00:00-05:00,-0.012277563317683704,-0.005380346222998433
2014-12-31 00:00:00-05:00,-0.01920205614536208,-0.00997256166116589
2015-01-02 00:00:00-05:00,-0.009558086674810617,-0.0005353463803121628
2015-01-05 00:00:00-05:00,-0.028575902082475402,-0.01822460014759475
2015-01-06 00:00:00-05:00,9.41012139223929e-05,-0.009463374913772249
2015-01-07 00:00:00-05:00,0.013924805647863803,0.012383420886671104
2015-01-08 00:00:00-05:00,0.0377023466944868,0.017589933990429962
2015-01-09 00:00:00-05:00,0.0010716167039306335,-0.00804593256474373
2015-01-12 00:00:00-05:00,-0.024948951296889454,-0.007864495699000607
2015-01-13 00:00:00-05:00,0.008839430359271372,-0.002816315962494542
2015-01-14 00:00:00-05:00,-0.003817745112302706,-0.0060556032791652115
2015-01-15 00:00:00-05:00,-0.027515513952529602,-0.009203121332887143
2015-01-16 00:00:00-05:00,-0.007800486272845575,0.01302904520715309
2015-01-20 00:00:00-05:00,0.025431237350497682,0.002130856661601399
2015-01-21 00:00:00-05:00,0.007605354420622046,0.005034644775609998
2015-01-22 00:00:00-05:00,0.025682785522106233,0.0147620902391834
2015-01-23 00:00:00-05:00,0.005147136666449281,-0.0054983139229412
2015-01-26 00:00:00-05:00,0.001061283208138697,0.0023395072646348325
2015-01-27 00:00:00-05:00,-0.035640804997241204,-0.01327868367823637
2015-01-28 00:00:00-05:00,0.05499237872879981,-0.012906941792479643
2015-01-29 00:00:00-05:00,0.03065894544621539,0.009201146134209637
2015-01-30 00:00:00-05:00,-0.014742302929596107,-0.012655042783899617
2015-02-02 00:00:00-05:00,0.012468976887946237,0.012308097207196944
2015-02-03 00:00:00-05:00,0.0001684829978860769,0.014357600417133298
2015-02-04 00:00:00-05:00,0.007640466748981112,-0.003814828843021978
2015-02-05 00:00:00-05:00,0.00711222131480671,0.010044166461231185
2015-02-06 00:00:00-05:00,-0.008456894835200846,-0.002769376850399574
2015-02-09 00:00:00-05:00,0.006620665743152454,-0.004485581940664396
2015-02-10 00:00:00-05:00,0.01902927280975497,0.01059691704725818
2015-02-11 00:00:00-05:00,0.02316840754743632,0.0005799824774816997
2015-02-12 00:00:00-05:00,0.01257283434073253,0.009571112303206952
2015-02-13 00:00:00-05:00,0.004890567685865488,0.0041078803234366745
2015-02-17 00:00:00-05:00,0.005884704069991198,0.0015718330529557178
2015-02-18 00:00:00-05:00,0.006938092197371848,9.503673097732701e-05
2015-02-19 00:00:00-05:00,-0.0020996784218576536,-0.0007139194629584011
2015-02-20 00:00:00-05:00,0.008141100087140973,0.00598304831285823
2015-02-23 00:00:00-05:00,0.026668061983567526,-0.00014237774887249088
2015-02-24 00:00:00-05:00,-0.006259833805596138,0.0028365589899310706
2015-02-25 00:00:00-05:00,-0.025905985422303157,-0.0008500009760394889
2015-02-26 00:00:00-05:00,0.012576923165971365,-0.0011821451968669905
2015-02-27 00:00:00-05:00,-0.015142599854597538,-0.0034118983533790725
2015-03-02 00:00:00-05:00,0.00489236310396679,0.006293933594525569
2015-03-03 00:00:00-05:00,0.002089412570529081,-0.004112915481058188
2015-03-04 00:00:00-05:00,-0.006359059057230443,-0.00422453249889454
2015-03-05 00:00:00-05:00,-0.01670941880399024,0.0010934660680286257
2015-03-06 00:00:00-05:00,0.0015017997551156625,-0.014164324399104089
2015-03-09 00:00:00-04:00,0.004256195565502274,0.004135935238292809
2015-03-10 00:00:00-04:00,-0.02090273998326886,-0.016354895442912465
2015-03-11 00:00:00-04:00,-0.018399779402131777,-0.002344246610322287
2015-03-12 00:00:00-04:00,0.01791765925707045,0.012633584907283613
2015-03-13 00:00:00-04:00,-0.0069345936203650815,-0.00615094573375341
2015-03-16 00:00:00-04:00,0.010944214185388823,0.013271953565631378
2015-03-17 00:00:00-04:00,0.01658847831489174,-0.0029769229689460275
2015-03-18 00:00:00-04:00,0.01119339578958467,0.011949861443830478
2015-03-19 00:00:00-04:00,-0.007579111769012048,-0.0045715862402824214
2015-03-20 00:00:00-04:00,-0.012628315948558289,0.008787753232489592
2015-03-23 00:00:00-04:00,0.010351144470831297,-0.0019504039601789813
2015-03-24 00:00:00-04:00,-0.0040957973910384915,-0.005634826561816908
2015-03-25 00:00:00-04:00,-0.02647446879929438,-0.014762088909995086
2015-03-26 00:00:00-04:00,0.0069462164322047215,-0.0023842674772067696
2015-03-27 00:00:00-04:00,-0.008000330439826175,0.0022871966301609703
2015-03-30 00:00:00-04:00,0.024999545406468204,0.0121258816252654
2015-03-31 00:00:00-04:00,-0.015470996893762745,-0.008778183410134588
2015-04-01 00:00:00-04:00,-0.001447574411928887,-0.003542404615391348
2015-04-02 00:00:00-04:00,0.008574711489698572,0.0035910462617909644
2015-04-06 00:00:00-04:00,0.01606869179843695,0.006710751403374182
2015-04-07 00:00:00-04:00,-0.010577742040020155,-0.0026498679496675948
2015-04-08 00:00:00-04:00,-0.003259177334688168,0.0033711492822376954
2015-04-09 00:00:00-04:00,0.007614497962662448,0.004413993330142141
2015-04-10 00:00:00-04:00,0.004257334528043444,0.005442252776004075
2015-04-13 00:00:00-04:00,-0.0019688883126289802,-0.004533166004113909
2015-04-14 00:00:00-04:00,-0.004345071295836167,0.00191139154766784
2015-04-15 00:00:00-04:00,0.003793157674703007,0.004476549948987163
2015-04-16 00:00:00-04:00,-0.004823092586460742,-0.0002849514120306651
2015-04-17 00:00:00-04:00,-0.011318429704709754,-0.011570037212442763
2015-04-20 00:00:00-04:00,0.022588643998671998,0.009095239935765775
2015-04-21 00:00:00-04:00,-0.005422207478645635,-0.001192141862155438
2015-04-22 00:00:00-04:00,0.013384378669484054,0.0049020448269487815
2015-04-23 00:00:00-04:00,0.008130117427693317,0.0025129373795289567
2015-04-24 00:00:00-04:00,0.0046932808486328526,0.002317752567182474
2015-04-27 00:00:00-04:00,0.018028087153013406,-0.004166371746779696
2015-04-28 00:00:00-04:00,-0.015880927969103897,0.003173918171796686
2015-04-29 00:00:00-04:00,-0.014815503283320819,-0.004123266477343179
2015-04-30 00:00:00-04:00,-0.027504304342529817,-0.010070900157863605
2015-05-01 00:00:00-04:00,0.029911538626691048,0.010783148599405656
2015-05-04 00:00:00-04:00,-0.0019409473481690753,0.0028430613230563395
2015-05-05 00:00:00-04:00,-0.02279074151591587,-0.011517462203614492
2015-05-06 00:00:00-04:00,-0.006299400366556629,-0.004125414243279835
2015-05-07 00:00:00-04:00,0.006166327995142495,0.003981464991348993
2015-05-08 00:00:00-04:00,0.01866560801036643,0.013080264344878856
2015-05-11 00:00:00-04:00,-0.01023887285532199,-0.004784308199418774
2015-05-12 00:00:00-04:00,-0.003568928281944661,-0.00299549736607041
2015-05-13 00:00:00-04:00,0.001111629366818967,0.00019047538202698888
2015-05-14 00:00:00-04:00,0.02306363180207427,0.010373520650728274
2015-05-15 00:00:00-04:00,-0.0013968981839700412,0.0010833920999369084
2015-05-18 00:00:00-04:00,0.010967131006428321,0.0031022321977243195
2015-05-19 00:00:00-04:00,-0.0009221547376410122,-0.00032903311861520734
2015-05-20 00:00:00-04:00,-7.684624589820999e-05,-0.0007040905202169156
2015-05-21 00:00:00-04:00,0.010173882388846422,0.002907805578036715
2015-05-22 00:00:00-04:00,0.008714417862103474,-0.0023916715862810634
2015-05-26 00:00:00-04:00,-0.022277243252564194,-0.010809525191507241
2015-05-27 00:00:00-04:00,0.018497868194519373,0.009447274307018638
2015-05-28 00:00:00-04:00,-0.001971420212063979,-0.0011288955563921732
2015-05-29 00:00:00-04:00,-0.01144759336047585,-0.006232462207035994
2015-06-01 00:00:00-04:00,0.0019938330678970217,0.002034549218602244
2015-06-02 00:00:00-04:00,-0.004452993039214981,-0.0009932638297120988
2015-06-03 00:00:00-04:00,0.0012303688015462555,0.0026462539575060617
2015-06-04 00:00:00-04:00,-0.005857864028185666,-0.008482750137635442
2015-06-05 00:00:00-04:00,-0.005503515427413674,-0.0017145122564778958
2015-06-08 00:00:00-04:00,-0.006629023172382897,-0.006168399028728899
2015-06-09 00:00:00-04:00,-0.0029778806216529397,-0.00014397459720161265
2015-06-10 00:00:00-04:00,0.011393075863608715,0.011921753023519166
2015-06-11 00:00:00-04:00,-0.0022528287781877765,0.0032184890069624217
2015-06-12 00:00:00-04:00,-0.011104352074455814,-0.007684241776476419
2015-06-15 00:00:00-04:00,-0.001967902867198834,-0.0042949206393361195
2015-06-16 00:00:00-04:00,0.005343695405324311,0.005436978467182385
2015-06-17 00:00:00-04:00,-0.0023538313148434575,0.0016157658598725533
2015-06-18 00:00:00-04:00,0.00454576189849476,0.010345588370022973
2015-06-19 00:00:00-04:00,-0.010059903027900496,-0.004449224326152468
2015-06-22 00:00:00-04:00,0.007946233089052956,0.005110287232374944
2015-06-23 00:00:00-04:00,-0.004555604336219599,0.0007077539237334562
2015-06-24 00:00:00-04:00,0.008466125042302153,-0.00728961497845404
2015-06-25 00:00:00-04:00,-0.004772932942175068,-0.003044888032156301
2015-06-26 00:00:00-04:00,-0.0058998738346018875,-0.0001905700785362896
2015-06-29 00:00:00-04:00,-0.01766975333380172,-0.02119337732967086
2015-06-30 00:00:00-04:00,0.007201011879989672,0.0020911663617013687
2015-07-01 00:00:00-04:00,0.009284794435453492,0.007983631752638942
2015-07-02 00:00:00-04:00,-0.0012643966795158335,-0.0009163868916139961
2015-07-06 00:00:00-04:00,-0.0034862736728400456,-0.002849821981623535
2015-07-07 00:00:00-04:00,-0.0024632752579978323,0.006269040310503904
2015-07-08 00:00:00-04:00,-0.025136539970972205,-0.01691959801847087
2015-07-09 00:00:00-04:00,-0.020607334158731394,0.001807507681502507
2015-07-10 00:00:00-04:00,0.026383618552328958,0.012512674166655913
2015-07-13 00:00:00-04:00,0.01912166380696423,0.010976747586703084
2015-07-14 00:00:00-04:00,-0.0003980520025348433,0.004328689992128432
2015-07-15 00:00:00-04:00,0.009586781597434424,-0.0003323317796457559
2015-07-16 00:00:00-04:00,0.013237925055606503,0.007992276813443944
2015-07-17 00:00:00-04:00,0.00860038742284397,0.0008477432082045766
2015-07-20 00:00:00-04:00,0.018724868071366974,0.000517443893878422
2015-07-21 00:00:00-04:00,-0.010044656231790405,-0.003959149507145376
2015-07-22 00:00:00-04:00,-0.043215069349490154,-0.0017963464135100082
2015-07-23 00:00:00-04:00,-0.00047916894294441903,-0.005645736833622905
2015-07-24 00:00:00-04:00,-0.005287374005747747,-0.010426352067470113
2015-07-27 00:00:00-04:00,-0.013993036004829928,-0.005833936124919781
2015-07-28 00:00:00-04:00,0.004956366688869007,0.012208002005777985
2015-07-29 00:00:00-04:00,-0.0031660595360474275,0.006855433872267724
2015-07-30 00:00:00-04:00,-0.005053658240509851,0.00023745896618798668
2015-07-31 00:00:00-04:00,-0.008782396190279318,-0.0015193215532089965
2015-08-03 00:00:00-04:00,-0.023860322770952624,-0.0033786057923697044
2015-08-04 00:00:00-04:00,-0.03260981684600983,-0.001956048063063598
2015-08-05 00:00:00-04:00,0.006607397691961836,0.003290164296606335
2015-08-06 00:00:00-04:00,0.0021741289542513975,-0.00822168474141094
2015-08-07 00:00:00-04:00,0.0033816732121385584,-0.0019217016485315597
2015-08-10 00:00:00-04:00,0.03571196319494163,0.012520468297934961
2015-08-11 00:00:00-04:00,-0.05344112095629061,-0.009064217696524324
2015-08-12 00:00:00-04:00,0.015302573338786374,0.001197353203899354
2015-08-13 00:00:00-04:00,-0.0007814423995546882,-0.0012449789487014584
2015-08-14 00:00:00-04:00,0.007009625714868406,0.0036356551334453258
2015-08-17 00:00:00-04:00,0.010295309051792323,0.00557126887091286
2015-08-18 00:00:00-04:00,-0.005649496283214095,-0.0029009813543394714
2015-08-19 00:00:00-04:00,-0.012871967255657424,-0.007936672174340131
2015-08-20 00:00:00-04:00,-0.02073341268762885,-0.021102451508401288
2015-08-21 00:00:00-04:00,-0.0631133329904432,-0.03056513307818154
2015-08-24 00:00:00-04:00,-0.025279062839561828,-0.04301887849757424
2015-08-25 00:00:00-04:00,0.005994564858792462,-0.011837640157236429
2015-08-26 00:00:00-04:00,0.05577047816109015,0.03767519492988569
2015-08-27 00:00:00-04:00,0.029021170861560197,0.024434379081731628
2015-08-28 00:00:00-04:00,0.003271352533297467,5.005357800325072e-05
2015-08-31 00:00:00-04:00,-0.004689065650866464,-0.008112086042194377
2015-09-01 00:00:00-04:00,-0.04572663246531006,-0.03030220438546838
2015-09-02 00:00:00-04:00,0.04199485246280865,0.018803311191409655
2015-09-03 00:00:00-04:00,-0.017691708351784907,0.0007158524829486979
2015-09-04 00:00:00-04:00,-0.010016628796401417,-0.01525247321535872
2015-09-08 00:00:00-04:00,0.0274411502630989,0.024820495408816257
2015-09-09 00:00:00-04:00,-0.01941971293375344,-0.013461675613727131
2015-09-10 00:00:00-04:00,0.021732232822240682,0.005426900844865301
2015-09-11 00:00:00-04:00,0.014463222227086181,0.00453396698541475
2015-09-14 00:00:00-04:00,0.009585443484550371,-0.0037174753607489563
2015-09-15 00:00:00-04:00,0.008376946857496126,0.01242186178843152
2015-09-16 00:00:00-04:00,0.0011174875721979838,0.008629547705754526
2015-09-17 00:00:00-04:00,-0.021622116911117484,-0.002250701948735667
2015-09-18 00:00:00-04:00,-0.004134234796568492,-0.01647650485070251
2015-09-21 00:00:00-04:00,0.015394441299523276,0.005154625444126815
2015-09-22 00:00:00-04:00,-0.01583530900639829,-0.013064838265347767
2015-09-23 00:00:00-04:00,0.00808041855426378,-0.001600394035991215
2015-09-24 00:00:00-04:00,0.0059301970139986615,-0.00362210052978007
2015-09-25 00:00:00-04:00,-0.002524827107256211,-0.0002587453902700432
2015-09-28 00:00:00-04:00,-0.019987374308382044,-0.02541819062890127
2015-09-29 00:00:00-04:00,-0.030521321150829728,0.0005851350881167505
2015-09-30 00:00:00-04:00,0.011305716366230012,0.01848642384369814
2015-10-01 00:00:00-04:00,-0.00654929415443517,0.0026059019419415463
2015-10-02 00:00:00-04:00,0.007274095564492544,0.014827400875966568
2015-10-05 00:00:00-04:00,0.003617224452848511,0.01763816267335372
2015-10-06 00:00:00-04:00,0.004772905978160491,-0.0034318017623258257
2015-10-07 00:00:00-04:00,-0.004772905978160491,0.008157003906809734
2015-10-08 00:00:00-04:00,-0.011621648248376637,0.00898596797670237
2015-10-09 00:00:00-04:00,0.023645354089372184,0.0005961369058820054
2015-10-12 00:00:00-04:00,-0.004648798815088728,0.0009433228748161326
2015-10-13 00:00:00-04:00,0.001701093025105127,-0.0063216648270838505
2015-10-14 00:00:00-04:00,-0.014234171879898838,-0.004805732625060344
2015-10-15 00:00:00-04:00,0.01486021775420543,0.015237930716449632
2015-10-16 00:00:00-04:00,-0.007357471172181551,0.004535925067266966
2015-10-19 00:00:00-04:00,0.006194578669254991,0.0004920703567359297
2015-10-20 00:00:00-04:00,0.018093539632960454,-0.0012794387050902856
2015-10-21 00:00:00-04:00,-8.753560070573485e-05,-0.006222680392967916
2015-10-22 00:00:00-04:00,0.015179346762654422,0.01675287755121513
2015-10-23 00:00:00-04:00,0.030525111393827853,0.010902102727101237
2015-10-26 00:00:00-04:00,-0.032431674462806814,-0.0024611656043020957
2015-10-27 00:00:00-04:00,-0.006352637286619611,-0.0019341034100603949
2015-10-28 00:00:00-04:00,0.04037834984249278,0.011310354224697505
2015-10-29 00:00:00-04:00,0.01050878516876752,-0.0005743034288459015
2015-10-30 00:00:00-04:00,-0.008582178420152964,-0.004319353540375381
2015-11-02 00:00:00-05:00,0.013960626801072795,0.011761511605497432
2015-11-03 00:00:00-05:00,0.011405090321580769,0.0028952251720797406
2015-11-04 00:00:00-05:00,-0.004661059245458343,-0.0030375062794565366
2015-11-05 00:00:00-05:00,-0.004620451325643593,-0.000998960855592479
2015-11-06 00:00:00-05:00,0.0011569406292708528,-0.000523519272911166
2015-11-09 00:00:00-05:00,-0.004055724602380462,-0.009375750840684205
2015-11-10 00:00:00-05:00,-0.03202408555215719,0.0023046367341876817
2015-11-11 00:00:00-05:00,-0.005668224729038496,-0.0039396024838893595
2015-11-12 00:00:00-05:00,-0.003364609879631608,-0.014058113413088158
2015-11-13 00:00:00-05:00,-0.029643461500910018,-0.011291815284391049
2015-11-16 00:00:00-05:00,0.016246224298001266,0.01509220784616172
2015-11-17 00:00:00-05:00,-0.0043007796135876575,-0.0007296284883206994
2015-11-18 00:00:00-05:00,0.031173969520956746,0.01574129292769033
2015-11-19 00:00:00-05:00,0.012623560405431888,-0.0008625312246737238
2015-11-20 00:00:00-05:00,0.004368380616815326,0.0036374927587825567
2015-11-23 00:00:00-05:00,-0.013077369344352885,-0.0011468727089658515
2015-11-24 00:00:00-05:00,0.009550600156771338,0.0013379628221033002
2015-11-25 00:00:00-05:00,-0.0071757295716987635,-0.00014298797933776086
2015-11-27 00:00:00-05:00,-0.0018658341696240477,0.0011458513567452755
2015-11-30 00:00:00-05:00,0.00415068687817044,-0.004160049349876793
2015-12-01 00:00:00-05:00,-0.008148199576170079,0.009490207480499002
2015-12-02 00:00:00-05:00,-0.009074545184636573,-0.01025738040834856
2015-12-03 00:00:00-05:00,-0.009331331988192026,-0.014101970719915258
2015-12-04 00:00:00-05:00,0.032705972900051616,0.019315429087556346
2015-12-07 00:00:00-05:00,-0.006320843402838783,-0.0060770790760109605
2015-12-08 00:00:00-05:00,-0.00042270828525436954,-0.006742201703814565
2015-12-09 00:00:00-05:00,-0.022323048926295996,-0.007810051169596655
2015-12-10 00:00:00-05:00,0.00474572934151718,0.002577706382594691
2015-12-11 00:00:00-05:00,-0.026075055225951438,-0.019571181239637525
2015-12-14 00:00:00-05:00,-0.0062042807131650335,0.005039402447380326
2015-12-15 00:00:00-05:00,-0.017850513617834185,0.010443451056064035
2015-12-16 00:00:00-05:00,0.007663465235117073,0.01452578231927859
2015-12-17 00:00:00-05:00,-0.021423830474309735,-0.015355535870572368
2015-12-18 00:00:00-05:00,-0.027442396458713603,-0.017975708788201317
2015-12-21 00:00:00-05:00,0.012186229552634487,0.008215823716265724
2015-12-22 00:00:00-05:00,-0.0009322210400948272,0.00903297421621918
2015-12-23 00:00:00-05:00,0.012787276059976538,0.012307276498803255
2015-12-24 00:00:00-05:00,-0.005354356079556588,-0.0016516687473764335
2015-12-28 00:00:00-05:00,-0.011263741028431973,-0.002287469997341418
2015-12-29 00:00:00-05:00,0.017814272347077775,0.010615278120959637
2015-12-30 00:00:00-05:00,-0.013144571344713807,-0.007113124338145482
2015-12-31 00:00:00-05:00,-0.019381551759102944,-0.01005364907206463
2016-01-04 00:00:00-05:00,0.000854653952635509,-0.014078274792650447
2016-01-05 00:00:00-05:00,-0.025378740811762945,0.0016899251625197564
2016-01-06 00:00:00-05:00,-0.01976364868796443,-0.012694579566089992
2016-01-07 00:00:00-05:00,-0.043121017534578865,-0.024283979480938633
2016-01-08 00:00:00-05:00,0.005273802126066318,-0.011036872568904954
2016-01-11 00:00:00-05:00,0.016062553411794855,0.0009893527569335703
2016-01-12 00:00:00-05:00,0.014408834470224896,0.008035963589703599
2016-01-13 00:00:00-05:00,-0.026046862037825136,-0.025257219432485378
2016-01-14 00:00:00-05:00,0.021635597141113738,0.016283487478798264
2016-01-15 00:00:00-05:00,-0.02430838066165064,-0.021699653240061068
2016-01-19 00:00:00-05:00,-0.004850516553775108,0.001330375897823366
2016-01-20 00:00:00-05:00,0.0013439579196705687,-0.012897870293158142
2016-01-21 00:00:00-05:00,-0.005075365403479193,0.005586336501870015
2016-01-22 00:00:00-05:00,0.05180193884433715,0.02030768353881829
2016-01-25 00:00:00-05:00,-0.019715800436403086,-0.015231853750732327
2016-01-26 00:00:00-05:00,0.005515701972745646,0.013550753068454213
2016-01-27 00:00:00-05:00,-0.0679648364915546,-0.010943045477180391
2016-01-28 00:00:00-05:00,0.007146303640585661,0.005195772960086664
2016-01-29 00:00:00-05:00,0.033958607919085004,0.024085002365283437
2016-02-01 00:00:00-05:00,-0.009392936693868759,-0.0003615474137701469
2016-02-02 00:00:00-05:00,-0.020429180955548354,-0.018186221433257543
2016-02-03 00:00:00-05:00,0.019598971128090614,0.005976791001441661
2016-02-04 00:00:00-05:00,0.008002981953760813,0.0015672536691297978
2016-02-05 00:00:00-05:00,-0.02707121941246493,-0.019234379281490632
2016-02-08 00:00:00-05:00,0.010474788242277544,-0.013552433289431676
2016-02-09 00:00:00-05:00,-0.00021020753475609055,5.397832717779494e-05
2016-02-10 00:00:00-05:00,-0.007608775144769542,-0.0008635146106348301
2016-02-11 00:00:00-05:00,-0.006065013970232069,-0.013092789847584996
2016-02-12 00:00:00-05:00,0.0030903352466959966,0.020406629101108464
2016-02-16 00:00:00-05:00,0.02780433193477494,0.01673750541827168
2016-02-17 00:00:00-05:00,0.015198948149015568,0.016202915674326412
2016-02-18 00:00:00-05:00,-0.01913862575737113,-0.004104031713352718
2016-02-19 00:00:00-05:00,-0.002287961766066715,-0.00046868167340452516
2016-02-22 00:00:00-05:00,0.008707998088870017,0.014375266557332012
2016-02-23 00:00:00-05:00,-0.02286474240498304,-0.012710101268829987
2016-02-24 00:00:00-05:00,0.014781045713159191,0.004565216420325591
2016-02-25 00:00:00-05:00,0.006844504337379931,0.012039084164864988
2016-02-26 00:00:00-05:00,0.0015489030047186603,-0.0023039905870776423
2016-02-29 00:00:00-05:00,-0.0022729476274134797,-0.00787321486223913
2016-03-01 00:00:00-05:00,0.038946280860976845,0.0232348414216883
2016-03-02 00:00:00-05:00,0.0021859700434037066,0.004482111629457997
2016-03-03 00:00:00-05:00,0.007416506696983127,0.003912524745605772
2016-03-04 00:00:00-05:00,0.014767152272034956,0.0032476705775801307
2016-03-07 00:00:00-05:00,-0.01112845152735309,0.0007984972861398987
2016-03-08 00:00:00-05:00,-0.008279926583333097,-0.010978013321569335
2016-03-09 00:00:00-05:00,0.0008904570691212754,0.004927115998877518
2016-03-10 00:00:00-05:00,0.0004945505494289293,0.0008024285439596213
2016-03-11 00:00:00-05:00,0.010716060484861512,0.016008104535429446
2016-03-14 00:00:00-04:00,0.002539504564793571,-0.001283022434796166
2016-03-15 00:00:00-04:00,0.01989436893950769,-0.0016309841333370656
2016-03-16 00:00:00-04:00,0.013203709319608237,0.005770591967465322
2016-03-17 00:00:00-04:00,-0.0016053554805939285,0.006324072409346293
2016-03-18 00:00:00-04:00,0.001133609503704669,0.003922177910594904
2016-03-21 00:00:00-04:00,-9.479013511048962e-05,0.0014174502799138011
2016-03-22 00:00:00-04:00,0.007618995898865055,-0.00053760222523902
2016-03-23 00:00:00-04:00,-0.005543714567621816,-0.0066211306015020455
2016-03-24 00:00:00-04:00,-0.00434408199426084,-0.00044332594444274065
2016-03-28 00:00:00-04:00,-0.004552380492861552,0.0005911166595913286
2016-03-29 00:00:00-04:00,0.023395517050142534,0.009207187373440284
2016-03-30 00:00:00-04:00,0.017308447862177,0.004378160199053127
2016-03-31 00:00:00-04:00,-0.005216225433135158,-0.002429915179916975
2016-04-01 00:00:00-04:00,0.009133282274959686,0.006788903596669726
2016-04-04 00:00:00-04:00,0.010221375961212864,-0.0032429696154681054
2016-04-05 00:00:00-04:00,-0.011858975204351196,-0.010038320598360073
2016-04-06 00:00:00-04:00,0.010417879074739567,0.010862043981758163
2016-04-07 00:00:00-04:00,-0.02205083061738078,-0.012038415776744138
2016-04-08 00:00:00-04:00,0.0011047755256492486,0.0026934985777335996
2016-04-11 00:00:00-04:00,0.0033076413222374867,-0.002350203035169862
2016-04-12 00:00:00-04:00,0.01294127806922818,0.009269744721433604
2016-04-13 00:00:00-04:00,0.014383550429789338,0.01005032885798407
2016-04-14 00:00:00-04:00,0.0005353218233610235,4.830463291671805e-05
2016-04-15 00:00:00-04:00,-0.020275583796360408,-0.0011062243128936444
2016-04-18 00:00:00-04:00,-0.02181094931413119,0.007002002616721903
2016-04-19 00:00:00-04:00,-0.005317598262712053,0.003149178349769244
2016-04-20 00:00:00-04:00,0.0020558109500141697,0.0009524560717180108
2016-04-21 00:00:00-04:00,-0.010887000447561412,-0.005392712356250051
2016-04-22 00:00:00-04:00,-0.0027404910114818826,0.0
2016-04-25 00:00:00-04:00,-0.005693480696284503,-0.0017243219941542876
2016-04-26 00:00:00-04:00,-0.006971612484863332,0.001484574825440177
2016-04-27 00:00:00-04:00,-0.06462120739528654,0.002056320006060375
2016-04-28 00:00:00-04:00,-0.031043223853765678,-0.009116999286765903
2016-04-29 00:00:00-04:00,-0.011561078956441317,-0.005413787768434375
2016-05-02 00:00:00-04:00,-0.001067444794187633,0.007917233717949834
2016-05-03 00:00:00-04:00,0.016312161340213738,-0.008741491366375698
2016-05-04 00:00:00-04:00,-0.010455892548729473,-0.005593547866484805
2016-05-05 00:00:00-04:00,-0.0040671841043966594,-0.00019526980696760177
2016-05-06 00:00:00-04:00,-0.005592472743293886,0.003652418576217009
2016-05-09 00:00:00-04:00,0.0007547144241617509,0.0008257573761092374
2016-05-10 00:00:00-04:00,0.0067666506660915005,0.012357317267868595
2016-05-11 00:00:00-04:00,-0.009788750664020185,-0.009398664694345804
2016-05-12 00:00:00-04:00,-0.02373651390543907,0.0002905898728915446
2016-05-13 00:00:00-04:00,0.0019903792574433865,-0.008752265580991292
2016-05-16 00:00:00-04:00,0.03644666527592788,0.009816604510630711
2016-05-17 00:00:00-04:00,-0.0041626289150960005,-0.00937735613173718
2016-05-18 00:00:00-04:00,0.011379744144213166,0.00029293014238707116
2016-05-19 00:00:00-04:00,-0.003814336490140846,-0.0034712791068427507
2016-05-20 00:00:00-04:00,0.010769633991564831,0.00629773338885542
2016-05-23 00:00:00-04:00,0.012627629155837816,-0.0013633525497178667
2016-05-24 00:00:00-04:00,0.015129436789647954,0.012878883892740944
2016-05-25 00:00:00-04:00,0.01741656769980393,0.006760421816348838
2016-05-26 00:00:00-04:00,0.007898737002464351,0.0002862141700710197
2016-05-27 00:00:00-04:00,-0.0005981406525590316,0.004290348744987682
2016-05-31 00:00:00-04:00,-0.004894698489260829,-0.001904463736261519
2016-06-01 00:00:00-04:00,-0.014118866153837395,0.002046799166299351
2016-06-02 00:00:00-04:00,-0.00754414216427346,0.0030394420781494347
2016-06-03 00:00:00-04:00,0.0020447243703789475,-0.0029915732821432783
2016-06-06 00:00:00-04:00,0.0072246296674194355,0.005075625372199077
2016-06-07 00:00:00-04:00,0.004047151576854535,0.0015600236064869932
2016-06-08 00:00:00-04:00,-0.0009093473547956421,0.0032543713438570876
2016-06-09 00:00:00-04:00,0.00715050126370631,-0.0013666160042395958
2016-06-10 00:00:00-04:00,-0.00826268226924931,-0.009522701791901511
2016-06-13 00:00:00-04:00,-0.015191010092054924,-0.007741715227724377
2016-06-14 00:00:00-04:00,0.0012315048772282289,-0.0019691293363788276
2016-06-15 00:00:00-04:00,-0.0032883388251438994,-0.0013946469721313193
2016-06-16 00:00:00-04:00,0.00421174689669801,0.002979904567241398
2016-06-17 00:00:00-04:00,-0.023020465287343583,-0.0037310408771729087
2016-06-20 00:00:00-04:00,-0.002415696137533896,0.0064192767119539695
2016-06-21 00:00:00-04:00,0.008481333655175671,0.0028347867977966956
2016-06-22 00:00:00-04:00,-0.0037607208360093125,-0.0016327282701915635
2016-06-23 00:00:00-04:00,0.00574007172586688,0.012938758925705507
2016-06-24 00:00:00-04:00,-0.02849831669746905,-0.03656988309372622
2016-06-27 00:00:00-04:00,-0.014668214097254051,-0.018072369299460433
2016-06-28 00:00:00-04:00,0.016700703493290447,0.017875271797526793
2016-06-29 00:00:00-04:00,0.008617493981617486,0.016884174019743625
2016-06-30 00:00:00-04:00,0.012631362218515019,0.01355369418391561
2016-07-01 00:00:00-04:00,0.0030289841649002724,0.0020983430078009846
2016-07-05 00:00:00-04:00,-0.009429989192304422,-0.0072193068270873795
2016-07-06 00:00:00-04:00,0.0056687455161466005,0.005979746009244558
2016-07-07 00:00:00-04:00,0.004282577387738851,-0.0006200578523314348
2016-07-08 00:00:00-04:00,0.007683660980826623,0.014780337394832976
2016-07-11 00:00:00-04:00,0.0030980133916465036,0.003521194650759618
2016-07-12 00:00:00-04:00,0.004526886678320352,0.007236696917970242
2016-07-13 00:00:00-04:00,-0.0056615578974947844,-0.00013943267260074776
2016-07-14 00:00:00-04:00,0.019626325709814818,0.005567834266726912
2016-07-15 00:00:00-04:00,-0.00010110165584853448,-0.0013424093877354437
2016-07-18 00:00:00-04:00,0.010573358233275432,0.0026835985521316275
2016-07-19 00:00:00-04:00,0.0004010170181114603,-0.001016991968116443
2016-07-20 00:00:00-04:00,0.0009003794740647386,0.0041540335934140415
2016-07-21 00:00:00-04:00,-0.00531605083317066,-0.0037840534741748755
2016-07-22 00:00:00-04:00,-0.007774506621461619,0.00447521258388317
2016-07-25 00:00:00-04:00,-0.01346920732220358,-0.0027198806479145077
2016-07-26 00:00:00-04:00,-0.0069069511742285705,0.0004613482088160481
2016-07-27 00:00:00-04:00,0.0629403024625037,-0.0010617253669131799
2016-07-28 00:00:00-04:00,0.013411437541238858,0.0011542008577709595
2016-07-29 00:00:00-04:00,-0.0012466513244637767,0.0016133493909826768
2016-08-01 00:00:00-04:00,0.01750233969632964,-0.000829593257608785
2016-08-02 00:00:00-04:00,-0.014915154404802067,-0.006427671068506058
2016-08-03 00:00:00-04:00,0.012460572883149723,0.002918128440287049
2016-08-04 00:00:00-04:00,0.006158282151119465,0.0010636427080799038
2016-08-05 00:00:00-04:00,0.0150930621199441,0.008145550904489873
2016-08-08 00:00:00-04:00,0.008246555912911013,-0.0005959192847004857
2016-08-09 00:00:00-04:00,0.0040516569356303656,0.0005959192847004857
2016-08-10 00:00:00-04:00,-0.007471654766851188,-0.0024784019886769926
2016-08-11 00:00:00-04:00,-0.0006485282171553308,0.00463023020531228
2016-08-12 00:00:00-04:00,0.0023137698866038114,-0.0008691298733136676
2016-08-15 00:00:00-04:00,0.011945354968753819,0.0028794769224287364
2016-08-16 00:00:00-04:00,-0.0009141529939618032,-0.005170912758704738
2016-08-17 00:00:00-04:00,-0.0014636674010684025,0.0018791464915679512
2016-08-18 00:00:00-04:00,-0.0012829752722072207,0.002241468581497763
2016-08-19 00:00:00-04:00,0.0025640778288855692,-0.0014631248006136133
2016-08-22 00:00:00-04:00,-0.007802967315787779,-4.573923081618858e-05
2016-08-23 00:00:00-04:00,0.0031283744687820025,0.002011204129341415
2016-08-24 00:00:00-04:00,-0.007561848985257136,-0.005127787983680854
2016-08-25 00:00:00-04:00,-0.004266882885157752,-0.0006886473082792222
2016-08-26 00:00:00-04:00,-0.005874086688015812,-0.001885594257137413
2016-08-29 00:00:00-04:00,-0.0011225472674918358,0.004912446023351613
2016-08-30 00:00:00-04:00,-0.007706185735833593,-0.001649948887310515
2016-08-31 00:00:00-04:00,0.0009428167590788128,-0.0028481589179554234
2016-09-01 00:00:00-04:00,0.005920298684179315,4.622841063017802e-05
2016-09-02 00:00:00-04:00,0.009325805687027344,0.00449765424097226
2016-09-06 00:00:00-04:00,-0.00027836452389440325,0.0030181521442589343
2016-09-07 00:00:00-04:00,0.006109423921049739,-9.16848356906641e-05
2016-09-08 00:00:00-04:00,-0.02655859563993479,-0.0022855934348404716
2016-09-09 00:00:00-04:00,-0.02291016715910521,-0.024225777490075373
2016-09-12 00:00:00-04:00,0.02215179049470617,0.014245490116845616
2016-09-13 00:00:00-04:00,0.023525944453743453,-0.01447993258982283
2016-09-14 00:00:00-04:00,0.03477487994640249,-0.00037517189341418344
2016-09-15 00:00:00-04:00,0.03343336158975019,0.009943525187440017
2016-09-16 00:00:00-04:00,-0.005640018090095289,-0.0038733126046830435
2016-09-19 00:00:00-04:00,-0.011728860212442349,0.00018734522722585467
2016-09-20 00:00:00-04:00,-8.790276887271631e-05,4.710223934445423e-05
2016-09-21 00:00:00-04:00,-0.00017612253002985412,0.01118255282813152
2016-09-22 00:00:00-04:00,0.009379262049634463,0.006281386836174185
2016-09-23 00:00:00-04:00,-0.016804485164463756,-0.005494011091146334
2016-09-26 00:00:00-04:00,0.001507121287821267,-0.0081352079168866
2016-09-27 00:00:00-04:00,0.0018586249049823422,0.006188920860069835
2016-09-28 00:00:00-04:00,0.0075758277616757574,0.004951069627432858
2016-09-29 00:00:00-04:00,-0.01565503635496901,-0.009088559912985517
2016-09-30 00:00:00-04:00,0.007725363202332414,0.007518165435151047
2016-10-03 00:00:00-04:00,-0.004699105669588199,-0.0024071820160038726
2016-10-04 00:00:00-04:00,0.004256788858020499,-0.005110983419147175
2016-10-05 00:00:00-04:00,0.0004423168115677001,0.004415503543277133
2016-10-06 00:00:00-04:00,0.007403048409273527,0.000695479875870042
2016-10-07 00:00:00-04:00,0.0014913715447395504,-0.003435581896755302
2016-10-10 00:00:00-04:00,0.01729655892528159,0.005195214546228399
2016-10-11 00:00:00-04:00,0.0021519782500507567,-0.012710084822211698
2016-10-12 00:00:00-04:00,0.008902713475882784,0.0013110625413714772
2016-10-13 00:00:00-04:00,-0.003072939358785387,-0.0032808012341671855
2016-10-14 00:00:00-04:00,0.005541399537702052,0.0005161316342237043
2016-10-17 00:00:00-04:00,-0.0006802751989960498,-0.00347811751350946
2016-10-18 00:00:00-04:00,-0.0006808092893337836,0.006242787113452941
2016-10-19 00:00:00-04:00,-0.0029839312772454996,0.0026637265005753363
2016-10-20 00:00:00-04:00,-0.0005125097543348112,-0.0018685799038671291
2016-10-21 00:00:00-04:00,-0.003937372299269271,0.0004675557086315507
2016-10-24 00:00:00-04:00,0.008964912058104346,0.004243562996350647
2016-10-25 00:00:00-04:00,0.005086750570159282,-0.0033563748631113555
2016-10-26 00:00:00-04:00,-0.02275169737006877,-0.002009705991142141
2016-10-27 00:00:00-04:00,-0.009648962189599875,-0.0026702151781829997
2016-10-28 00:00:00-04:00,-0.006661080049610302,-0.0029599273661711223
2016-10-31 00:00:00-04:00,-0.0015840534865945166,4.7295046212703085e-05
2016-11-01 00:00:00-04:00,-0.018220436704986742,-0.00727199117335342
2016-11-02 00:00:00-04:00,0.0008966356799851027,-0.00603642024783646
2016-11-03 00:00:00-04:00,-0.010776564525271315,-0.00458775787570076
2016-11-04 00:00:00-04:00,-0.00905498543417238,-0.0011023753775676326
2016-11-07 00:00:00-05:00,0.014322101031582157,0.021817528737535063
2016-11-08 00:00:00-05:00,0.005869641495781952,0.004493577401320614
2016-11-09 00:00:00-05:00,-0.0016218143936326257,0.01054625438611545
2016-11-10 00:00:00-05:00,-0.02826361873771921,0.002492380021211993
2016-11-11 00:00:00-05:00,0.005919442881891168,-0.002307558298697998
2016-11-14 00:00:00-05:00,-0.025404876576469615,0.0007850291660824738
2016-11-15 00:00:00-05:00,0.013156474112749894,0.007772490093596929
2016-11-16 00:00:00-05:00,0.026533294295201237,-0.0018801179769836196
2016-11-17 00:00:00-05:00,-0.000363697198779267,0.0051277414263459775
2016-11-18 00:00:00-05:00,0.0009998491818907773,-0.002240121617945512
2016-11-21 00:00:00-05:00,0.015059633404829853,0.0075229885567367205
2016-11-22 00:00:00-05:00,0.000626396573155219,0.0019514898390200486
2016-11-23 00:00:00-05:00,-0.005111561675651188,0.0005439716461088651
2016-11-25 00:00:00-05:00,0.005022047450585987,0.0037084632381283456
2016-11-28 00:00:00-05:00,-0.001969781065192855,-0.004705997683505991
2016-11-29 00:00:00-05:00,-0.0009863102363665277,0.0019485716819325205
2016-11-30 00:00:00-05:00,-0.008469584239746641,-0.0024019359178861777
2016-12-01 00:00:00-05:00,-0.009363196964821352,-0.0036824671050981195
2016-12-02 00:00:00-05:00,0.0037377754851446454,0.0005007152948239835
2016-12-05 00:00:00-05:00,-0.0072145375970205095,0.005990802538907936
2016-12-06 00:00:00-05:00,0.007669269683192592,0.0031623755988512414
2016-12-07 00:00:00-05:00,0.009774887560957346,0.01299603671552152
2016-12-08 00:00:00-05:00,0.009769225993526032,0.0024456040715996608
2016-12-09 00:00:00-05:00,0.01618993536904112,0.006022269632885546
2016-12-12 00:00:00-05:00,-0.00572042173916909,-0.0011484589597454686
2016-12-13 00:00:00-05:00,0.016543477627701808,0.006651963371104408
2016-12-14 00:00:00-05:00,0.0,-0.008288552816060779
2016-12-15 00:00:00-05:00,0.005454251108865105,0.004108780146432345
2016-12-16 00:00:00-05:00,0.0012943536050635807,-0.001957831050363623
2016-12-19 00:00:00-05:00,0.005761050711304172,0.0021751663289935053
2016-12-20 00:00:00-05:00,0.002654015501736051,0.0038498226499390498
2016-12-21 00:00:00-05:00,0.0009401025755870762,-0.0027860643106940586
2016-12-22 00:00:00-05:00,-0.00659963905464922,-0.0017288777482926676
2016-12-23 00:00:00-05:00,0.001976008824148945,0.0014631031074534562
2016-12-27 00:00:00-05:00,0.006330801058320734,0.0024780033640245946
2016-12-28 00:00:00-05:00,-0.004272977692892699,-0.00829908472482277
2016-12-29 00:00:00-05:00,-0.00025736966005407425,-0.00022261569425108263
2016-12-30 00:00:00-05:00,-0.007826345868564566,-0.003661664110233609
2017-01-03 00:00:00-05:00,0.002845326841723672,0.007620750161255074
2017-01-04 00:00:00-05:00,-0.001119965588848526,0.005931603286253306
2017-01-05 00:00:00-05:00,0.005072764373329264,-0.0007951533306922443
2017-01-06 00:00:00-05:00,0.011086478610765838,0.0035715837326950606
2017-01-09 00:00:00-05:00,0.00911771308726772,-0.0033063058788043165
2017-01-10 00:00:00-05:00,0.0010081523598746145,0.0
2017-01-11 00:00:00-05:00,0.005358721005519929,0.0028222174863259397
2017-01-12 00:00:00-05:00,-0.004184151120185664,-0.002513050228837521
2017-01-13 00:00:00-05:00,-0.0017625817087845164,0.0022926913457270715
2017-01-17 00:00:00-05:00,0.00803208860693072,-0.0035295427195487505
2017-01-18 00:00:00-05:00,-8.3258868327718e-05,0.0022076190096296244
2017-01-19 00:00:00-05:00,-0.0017517713482604336,-0.0037114630763754874
2017-01-20 00:00:00-05:00,0.0018350302165881516,0.003667233389887059
2017-01-23 00:00:00-05:00,0.0006665125404481387,-0.0026052635082054465
2017-01-24 00:00:00-05:00,-0.0009163791107180685,0.006391218876013127
2017-01-25 00:00:00-05:00,0.015795018265564398,0.008617971486453158
2017-01-26 00:00:00-05:00,0.0004924547826439252,-0.001045677736441597
2017-01-27 00:00:00-05:00,8.179139212094455e-05,-0.0015711500581625515
2017-01-30 00:00:00-05:00,-0.0026274706232869427,-0.006221329859052105
2017-01-31 00:00:00-05:00,-0.0023046793915377783,-8.776096970120051e-05
2017-02-01 00:00:00-05:00,0.05919366974947948,0.0003956032422856026
2017-02-02 00:00:00-05:00,-0.0017102770741646012,0.0006588096374997576
2017-02-03 00:00:00-05:00,0.00427034926584291,0.006868940094081566
2017-02-06 00:00:00-05:00,0.009330150200973275,-0.0017893222421747623
2017-02-07 00:00:00-05:00,0.00947236794738826,4.411617538835344e-05
2017-02-08 00:00:00-05:00,0.003869662039811761,0.0013095957980890915
2017-02-09 00:00:00-05:00,0.007200223242100012,0.005914926157085887
2017-02-10 00:00:00-05:00,-0.002268241159346207,0.003938554699069563
2017-02-13 00:00:00-05:00,0.008816283553601423,0.005427637050897438
2017-02-14 00:00:00-05:00,0.012896087328576833,0.003987360551753305
2017-02-15 00:00:00-05:00,0.0036226902238460923,0.00520699415440351
2017-02-16 00:00:00-05:00,-0.001181810699149466,-0.0008518351169533034
2017-02-17 00:00:00-05:00,0.002729679277640784,0.0015751251506435082
2017-02-21 00:00:00-05:00,0.007195078801412347,0.005937506382682756
2017-02-22 00:00:00-05:00,0.0029948744567271923,-0.00088847161714245
2017-02-23 00:00:00-05:00,-0.004239006538249601,0.0006771629299580084
2017-02-24 00:00:00-05:00,0.0009516837092995445,0.0012677816323813929
2017-02-27 00:00:00-05:00,0.00197378673215054,0.001561546436430028
2017-02-28 00:00:00-05:00,0.0004377154412833484,-0.0027023876372744837
2017-03-01 00:00:00-05:00,0.020233692432213957,0.013900271068012948
2017-03-02 00:00:00-05:00,-0.0059553395853590985,-0.006317347853898703
2017-03-03 00:00:00-05:00,0.00588358553268753,0.0006294462467497652
2017-03-06 00:00:00-05:00,-0.003152680638249361,-0.0029822795459288898
2017-03-07 00:00:00-05:00,0.0012910691557688203,-0.0029916487256196334
2017-03-08 00:00:00-05:00,-0.0037340087619446294,-0.0018581659616634383
2017-03-09 00:00:00-05:00,-0.002304736844684907,0.001267288778307396
2017-03-10 00:00:00-05:00,0.0033113690335757617,0.003498143416205579
2017-03-13 00:00:00-04:00,0.0004312394579688572,0.0005046980172975779
2017-03-14 00:00:00-04:00,-0.0015096768645381786,-0.003834015806823743
2017-03-15 00:00:00-04:00,0.010520657839888425,0.008616282002471998
2017-03-16 00:00:00-04:00,0.0016358969456478079,-0.0019689169067227397
2017-03-17 00:00:00-04:00,-0.004987741764282738,-0.0017577504908823371
2017-03-20 00:00:00-04:00,0.0104460148570662,-0.0010973243554976975
2017-03-21 00:00:00-04:00,-0.011518255117970888,-0.012922885422721464
2017-03-22 00:00:00-04:00,0.011235415110358637,0.0023503444299972642
2017-03-23 00:00:00-04:00,-0.0035418561515134783,-0.0010674685849378918
2017-03-24 00:00:00-04:00,-0.001988693055837931,-0.0007266628330615532
2017-03-27 00:00:00-04:00,0.001704769045880461,-0.0010270210362692822
2017-03-28 00:00:00-04:00,0.020515167037232107,0.007250765821875227
2017-03-29 00:00:00-04:00,0.0022228825003209884,0.0009342220224324294
2017-03-30 00:00:00-04:00,-0.0013192906932379955,0.003179190198014048
2017-03-31 00:00:00-04:00,-0.0018775869515659238,-0.002330252750639694
2017-04-03 00:00:00-04:00,0.00027843042475605984,-0.001740876941997982
2017-04-04 00:00:00-04:00,0.007418386518294184,0.0006373948640776561
2017-04-05 00:00:00-04:00,-0.00519430324509651,-0.002977014556650559
2017-04-06 00:00:00-04:00,-0.0025025136979537344,0.002807007380948967
2017-04-07 00:00:00-04:00,-0.0022298928177093558,-0.0010199753728636907
2017-04-10 00:00:00-04:00,-0.0011869266456394634,0.0005952432458213863
2017-04-11 00:00:00-04:00,-0.010814699751111156,-0.0011905408030008502
2017-04-12 00:00:00-04:00,0.0011995917603306872,-0.004391479238686102
2017-04-13 00:00:00-04:00,-0.005303035870811268,-0.00651618229436135
2017-04-17 00:00:00-04:00,0.005514401049452999,0.008821024067592553
2017-04-18 00:00:00-04:00,-0.004451705550658325,-0.002988958107828843
2017-04-19 00:00:00-04:00,-0.0036896171104250364,-0.0018399781847726615
2017-04-20 00:00:00-04:00,0.0124330549928664,0.008106114561057254
2017-04-21 00:00:00-04:00,-0.0011940826603300536,-0.0031919686148649262
2017-04-24 00:00:00-04:00,0.009583495757330418,0.010937633931386692
2017-04-25 00:00:00-04:00,0.006176510242901223,0.005801893845388761
2017-04-26 00:00:00-04:00,-0.005897580977496375,-0.0006288194514478818
2017-04-27 00:00:00-04:00,0.0007646147578266316,0.0008384613295380205
2017-04-28 00:00:00-04:00,-0.0009739482006549949,-0.00218161165466757
2017-05-01 00:00:00-04:00,0.02019128013084126,0.002516725525363306
2017-05-02 00:00:00-04:00,0.006325024447863203,0.00037719217531062554
2017-05-03 00:00:00-04:00,-0.0030551996673873205,-0.0012153724541326127
2017-05-04 00:00:00-04:00,-0.0036106689599773034,0.0011734035572166235
2017-05-05 00:00:00-04:00,0.016447764412002908,0.003929080519127659
2017-05-08 00:00:00-04:00,0.026825107156772443,-0.00016657226015670545
2017-05-09 00:00:00-04:00,0.006385005091239737,-0.0009185962613642573
2017-05-10 00:00:00-04:00,-0.004751961973869623,0.0017943541528557816
2017-05-11 00:00:00-04:00,0.008611184257362403,-0.002044899624816132
2017-05-12 00:00:00-04:00,0.013868643770360123,-0.0016723768110074033
2017-05-15 00:00:00-04:00,-0.0025656475261768286,0.005508343231032775
2017-05-16 00:00:00-04:00,-0.0014782387707410471,-0.0009158547320060606
2017-05-17 00:00:00-04:00,-0.03415223120058464,-0.01790361624525172
2017-05-18 00:00:00-04:00,0.015126245747257627,0.004020589378470163
2017-05-19 00:00:00-04:00,0.003403139556815482,0.006483046527466563
2017-05-22 00:00:00-04:00,0.0060578048654775785,0.005064352583483256
2017-05-23 00:00:00-04:00,-0.001234628784473557,0.0022105498575655247
2017-05-24 00:00:00-04:00,-0.002995378229061263,0.0023299631852022884
2017-05-25 00:00:00-04:00,0.003450334394828225,0.0047680578395885576
2017-05-26 00:00:00-04:00,-0.0016911111429513959,-0.00020639053175663946
2017-05-30 00:00:00-04:00,0.00039019730200706704,-0.0008693803719177495
2017-05-31 00:00:00-04:00,-0.005939349233738067,-0.0002485541569337002
2017-06-01 00:00:00-04:00,0.002745713063826649,0.007920929765479201
2017-06-02 00:00:00-04:00,0.014710332462994913,0.0033229517842094936
2017-06-05 00:00:00-04:00,-0.009825923610103704,-0.0007375443419279648
2017-06-06 00:00:00-04:00,0.003372140944676527,-0.003202084559934981
2017-06-07 00:00:00-04:00,0.005939162572874412,0.0018484572251349363
2017-06-08 00:00:00-04:00,-0.0024487056589199696,0.0004926638358879742
2017-06-09 00:00:00-04:00,-0.03954830226507511,-0.0015188727457502438
2017-06-12 00:00:00-04:00,-0.024186189462917174,-0.00020557119761921427
2017-06-13 00:00:00-04:00,0.008013371039136796,0.004877861079867429
2017-06-14 00:00:00-04:00,-0.009803063306673465,-0.0012683216220157334
2017-06-15 00:00:00-04:00,-0.006011233442161146,-0.0019260571311372487
2017-06-16 00:00:00-04:00,-0.014098485763534896,0.00021824962010530413
2017-06-19 00:00:00-04:00,0.028205872574931234,0.008290749734827685
2017-06-20 00:00:00-04:00,-0.009129677430891103,-0.006767152246859531
2017-06-21 00:00:00-04:00,0.005912998898370159,-0.00024667785247700635
2017-06-22 00:00:00-04:00,-0.0016464096483410628,-0.00045326838828607663
2017-06-23 00:00:00-04:00,0.0044527798995206425,0.0011937693629553436
2017-06-26 00:00:00-04:00,-0.0031490453487275083,0.0006579073932027057
2017-06-27 00:00:00-04:00,-0.014436915290248375,-0.008088945582052531
2017-06-28 00:00:00-04:00,0.01450530172145914,0.008910757657829116
2017-06-29 00:00:00-04:00,-0.014852850848048771,-0.008828045685711494
2017-06-30 00:00:00-04:00,0.002363012286906052,0.0018629522904234364
2017-07-03 00:00:00-04:00,-0.0036167957192390077,0.0016942371709740556
2017-07-05 00:00:00-04:00,0.004103096292386699,0.002309296788794768
2017-07-06 00:00:00-04:00,-0.009483640759337497,-0.009186370687761958
2017-07-07 00:00:00-04:00,0.010107933768944921,0.00646389945006387
2017-07-10 00:00:00-04:00,0.00608535053967918,0.0010733626580350375
2017-07-11 00:00:00-04:00,0.0032347236066971874,-0.0007428239410867121
2017-07-12 00:00:00-04:00,0.0014420566345076935,0.007486558697460843
2017-07-13 00:00:00-04:00,0.013832369747232232,0.001678977342107757
2017-07-14 00:00:00-04:00,0.008557650961164676,0.004652949902669512
2017-07-17 00:00:00-04:00,0.003483579599703468,-0.00012176452179435415
2017-07-18 00:00:00-04:00,0.0034700609457711806,0.0005290638342296816
2017-07-19 00:00:00-04:00,0.006244083541127932,0.005399416514850763
2017-07-20 00:00:00-04:00,-0.004513010843729681,0.00044522777155986404
2017-07-21 00:00:00-04:00,-0.00046542215893774497,-0.0008905116324431361
2017-07-24 00:00:00-04:00,0.012038701517810058,-0.0002430950319380898
2017-07-25 00:00:00-04:00,0.004264698984839832,0.002427869373864411
2017-07-26 00:00:00-04:00,0.004702760505735704,4.0374383360131105e-05
2017-07-27 00:00:00-04:00,-0.019078221055858435,-0.0009298757356193121
2017-07-28 00:00:00-04:00,-0.007065344009559826,-0.0011738187355332386
2017-07-31 00:00:00-04:00,-0.0051640439724729426,-0.0005670787711835601
2017-08-01 00:00:00-04:00,0.008836544486279685,0.0022264943581964403
2017-08-02 00:00:00-04:00,0.046168347434051515,0.0004848644947728076
2017-08-03 00:00:00-04:00,-0.01004135509316173,-0.0019416521316735214
2017-08-04 00:00:00-04:00,0.005256752149824795,0.0018202451631257333
2017-08-07 00:00:00-04:00,0.015356039277740763,0.0018574531016470885
2017-08-08 00:00:00-04:00,0.00796531428677616,-0.0024637150801103402
2017-08-09 00:00:00-04:00,0.006102962624690456,-4.054414791454519e-05
2017-08-10 00:00:00-04:00,-0.03236990991639033,-0.014215970851027215
2017-08-11 00:00:00-04:00,0.013810642862266409,0.001475898175674395
2017-08-14 00:00:00-04:00,0.014937483057226864,0.009864563215422173
2017-08-15 00:00:00-04:00,0.010888214422512643,-0.00012177895567866415
2017-08-16 00:00:00-04:00,-0.004030193035787999,0.0017426609335391419
2017-08-17 00:00:00-04:00,-0.019385436346106566,-0.015713764237665018
2017-08-18 00:00:00-04:00,-0.0022829843760945323,-0.001564325974702463
2017-08-21 00:00:00-04:00,-0.0018429932117776104,0.0007825050160867875
2017-08-22 00:00:00-04:00,0.016215326813260766,0.0104026817879328
2017-08-23 00:00:00-04:00,0.0012512247054488057,-0.003591770937631189
2017-08-24 00:00:00-04:00,-0.004448210901408789,-0.00233338889478496
2017-08-25 00:00:00-04:00,0.003697499899612211,0.00233338889478496
2017-08-28 00:00:00-04:00,0.010020762252696436,4.0918313198190503e-05
2017-08-29 00:00:00-04:00,0.00887876968897805,0.0011441730932411076
2017-08-30 00:00:00-04:00,0.002697372211617033,0.004726513672760113
2017-08-31 00:00:00-04:00,0.003971097525313105,0.005997890997925026
2017-09-01 00:00:00-04:00,0.0003051012441628309,0.0014132936359656512
2017-09-05 00:00:00-04:00,-0.012081431242190632,-0.007208029535335392
2017-09-06 00:00:00-04:00,-0.0010497164179921192,0.003407944145975783
2017-09-07 00:00:00-04:00,-0.004022360632910615,-0.00012153029338790589
2017-09-08 00:00:00-04:00,-0.016443331419941032,-0.0011753175864619436
2017-09-11 00:00:00-04:00,0.017930662490947658,0.01060947669388046
2017-09-12 00:00:00-04:00,-0.003970836969225733,0.0033648698844501723
2017-09-13 00:00:00-04:00,-0.007550882576031537,0.0004797827809728261
2017-09-14 00:00:00-04:00,-0.008617864633522654,-0.0003195722069291307
2017-09-15 00:00:00-04:00,0.010057747770998215,0.0013447003491560139
2017-09-18 00:00:00-04:00,-0.0075971369439593595,0.0021250446133134204
2017-09-19 00:00:00-04:00,0.00037824112134332566,0.0010005202014937709
2017-09-20 00:00:00-04:00,-0.016900228916730153,0.0003599255913142585
2017-09-21 00:00:00-04:00,-0.017320594754846486,-0.0026828856714962157
2017-09-22 00:00:00-04:00,-0.009827118192207163,0.00020046302683507378
2017-09-25 00:00:00-04:00,-0.008860875372560528,-0.002046442390993164
2017-09-26 00:00:00-04:00,0.017056671745447893,0.0006022389100381886
2017-09-27 00:00:00-04:00,0.0070922929862615725,0.0038865942132604303
2017-09-28 00:00:00-04:00,-0.006178390706765846,0.0011990745249956802
2017-09-29 00:00:00-04:00,0.005465411478204452,0.0035089347681243055
2017-10-02 00:00:00-04:00,-0.002013458868114437,0.004329581502817703
2017-10-03 00:00:00-04:00,0.004346028147918624,0.002137815068914861
2017-10-04 00:00:00-04:00,-0.006493624359969363,0.0011855498552018062
2017-10-05 00:00:00-04:00,0.01236744477092655,0.005907649357496325
2017-10-06 00:00:00-04:00,-0.0005794039118480754,-0.0011390716244186194
2017-10-09 00:00:00-04:00,0.0034711881430675717,-0.0016528096605847864
2017-10-10 00:00:00-04:00,0.0003850032603520681,0.0026347740986114587
2017-10-11 00:00:00-04:00,0.004160679734623862,0.0015698937442882865
2017-10-12 00:00:00-04:00,-0.0035195119717208456,-0.0014913370657589908
2017-10-13 00:00:00-04:00,0.00632600034120534,0.001216600213632013
2017-10-16 00:00:00-04:00,0.018241382269370998,0.0013328302727027008
2017-10-17 00:00:00-04:00,0.0036837252519776875,0.0007047285578458684
2017-10-18 00:00:00-04:00,-0.004434598429849945,0.0009782852970667832
2017-10-19 00:00:00-04:00,-0.023944710101813982,0.0002736364608493247
2017-10-20 00:00:00-04:00,0.0017291140186035392,0.005147070963047007
2017-10-23 00:00:00-04:00,-0.0005118707318141347,-0.0038968509776742266
2017-10-24 00:00:00-04:00,0.005937637791761929,0.001755462382031503
2017-10-25 00:00:00-04:00,-0.004401553356865318,-0.0049623326831662595
2017-10-26 00:00:00-04:00,0.006372679456634778,0.0012915548712308933
2017-10-27 00:00:00-04:00,0.03520323666531899,0.008143144323934592
2017-10-30 00:00:00-04:00,0.022258249619167447,-0.003731932241194613
2017-10-31 00:00:00-04:00,0.013820009463227478,0.001556675995902701
2017-11-01 00:00:00-04:00,-0.012800366208721048,0.001321163434992556
2017-11-02 00:00:00-04:00,0.007283579053162459,0.00038834526504860634
2017-11-03 00:00:00-04:00,0.025778378791661005,0.003333152820331975
2017-11-06 00:00:00-05:00,0.010094234578797767,0.0015463772119073127
2017-11-07 00:00:00-05:00,0.0032083031585914412,-0.0006955231867582512
2017-11-08 00:00:00-05:00,0.008147069345548541,0.0016995392676300014
2017-11-09 00:00:00-05:00,-0.002044462995222318,-0.0036344510859063206
2017-11-10 00:00:00-05:00,-0.0033153549533135873,-0.0003099661099215112
2017-11-13 00:00:00-05:00,-0.0040153526320900745,0.0009294749900377042
2017-11-14 00:00:00-05:00,-0.015232921746803907,-0.0023253771256026567
2017-11-15 00:00:00-05:00,-0.01327807652406987,-0.0050176814407665304
2017-11-16 00:00:00-05:00,0.011876187923367976,0.008464949570671898
2017-11-17 00:00:00-05:00,-0.005567965287841314,-0.002942817002208109
2017-11-20 00:00:00-05:00,-0.0009991081081244246,0.0017049410347009797
2017-11-21 00:00:00-05:00,0.0184193436129787,0.006521297677193338
2017-11-22 00:00:00-05:00,0.010457410952707136,-0.0008848661882066011
2017-11-24 00:00:00-05:00,5.647717331846991e-05,0.0023070236645077458
2017-11-27 00:00:00-05:00,-0.0050420031878677385,-0.0004992705177029322
2017-11-28 00:00:00-05:00,-0.005876002069689523,0.010093478664799704
2017-11-29 00:00:00-05:00,-0.02096150031647115,-0.0006088062095619406
2017-11-30 00:00:00-05:00,0.013887074391448095,0.008716668398563776
2017-12-01 00:00:00-05:00,-0.004665971158683391,-0.002077553454450154
2017-12-04 00:00:00-05:00,-0.007334476713780624,-0.001210457726607217
2017-12-05 00:00:00-05:00,-0.0009428201991124041,-0.0036032166427553136
2017-12-06 00:00:00-05:00,-0.0037204699005122244,0.00018995303796831564
2017-12-07 00:00:00-05:00,0.0018323515006781754,0.003148212327190869
2017-12-08 00:00:00-05:00,0.00029503662106522555,0.005438212597012715
2017-12-11 00:00:00-05:00,0.019296532068823424,0.003008710349613253
2017-12-12 00:00:00-05:00,-0.0056331513028187175,0.0017631333999910126
2017-12-13 00:00:00-05:00,0.0033138238801329045,-0.00011276948037597379
2017-12-14 00:00:00-05:00,-0.0002897847666694098,-0.004094234672894714
2017-12-15 00:00:00-05:00,0.010110013157924591,0.008292955059352458
2017-12-18 00:00:00-05:00,0.013984636807411022,0.006321073853224668
2017-12-19 00:00:00-05:00,-0.010713607342648146,-0.0038476579887625206
2017-12-20 00:00:00-05:00,-0.0010889049258899774,-0.0005242910632361486
2017-12-21 00:00:00-05:00,0.0037778067374087954,0.0020576483461161033
2017-12-22 00:00:00-05:00,0.0,-0.00026141713833105484
2017-12-26 00:00:00-05:00,-0.025697111874824596,-0.001197128906278877
2017-12-27 00:00:00-05:00,0.00017579262796241224,0.00048652679141358846
2017-12-28 00:00:00-05:00,0.002809537519426364,0.0020550286941487528
2017-12-29 00:00:00-05:00,-0.010872464364519718,-0.0037775690067567425
2018-01-02 00:00:00-05:00,0.017746155152035037,0.007132236290937399
2018-01-03 00:00:00-05:00,-0.00017362428989553536,0.006304845349493604
2018-01-04 00:00:00-05:00,0.004633603358978888,0.004205891354723157
2018-01-05 00:00:00-05:00,0.011321180946046283,0.00664204447548844
2018-01-08 00:00:00-05:00,-0.0037208758126179298,0.0018270081549065509
2018-01-09 00:00:00-05:00,-0.00011513930580564491,0.0022610490199541644
2018-01-10 00:00:00-05:00,-0.0002294749797777662,-0.0015311666817865444
2018-01-11 00:00:00-05:00,0.005664389031310169,0.007269609226721485
2018-01-12 00:00:00-05:00,0.010273024787609497,0.006497574411699958
2018-01-16 00:00:00-05:00,-0.0050947680548611984,-0.0034237540078061457
2018-01-17 00:00:00-05:00,0.016381190212303665,0.009486289184859054
2018-01-18 00:00:00-05:00,0.0008926785957843464,-0.0016820075918078103
2018-01-19 00:00:00-05:00,-0.004472298359005311,0.004539022128671633
2018-01-22 00:00:00-05:00,-0.008214752853682228,0.008097935045155324
2018-01-23 00:00:00-05:00,0.00022577736316664598,0.0021204878844161
2018-01-24 00:00:00-05:00,-0.01605687837859726,-0.00038856798154895955
2018-01-25 00:00:00-05:00,-0.01801216802949357,0.00042390716748830215
2018-01-26 00:00:00-05:00,0.00233484120127736,0.01151116510157646
2018-01-29 00:00:00-05:00,-0.02091572444990808,-0.006651852221835952
2018-01-30 00:00:00-05:00,-0.005911692421789905,-0.01031002164270678
2018-01-31 00:00:00-05:00,0.002751036596745138,0.0004969502847336216
2018-02-01 00:00:00-05:00,0.002088451943673242,-0.0011360466438885553
2018-02-02 00:00:00-05:00,-0.044359507133329146,-0.02201044804969765
2018-02-05 00:00:00-05:00,-0.025301974691474438,-0.04272230798633192
2018-02-06 00:00:00-05:00,0.040942152379263685,0.01951058662734262
2018-02-07 00:00:00-05:00,-0.021639821294814343,-0.00543945381315325
2018-02-08 00:00:00-05:00,-0.02790205545085822,-0.03823045122267921
2018-02-09 00:00:00-05:00,0.012157260520779367,0.01490977889889944
2018-02-12 00:00:00-05:00,0.03948868363231428,0.014577619577975653
2018-02-13 00:00:00-05:00,0.009967958803620114,0.0024843089978263677
2018-02-14 00:00:00-05:00,0.018269659753594514,0.013406092296412986
2018-02-15 00:00:00-05:00,0.03302663874860068,0.012679259536148457
2018-02-16 00:00:00-05:00,-0.0032421515454923444,0.0002929177139217032
2018-02-20 00:00:00-05:00,-0.003369686368449365,-0.006281109244202554
2018-02-21 00:00:00-05:00,-0.004549034543760211,-0.004986278288093615
2018-02-22 00:00:00-05:00,0.008324105458198616,0.0012953447587644717
2018-02-23 00:00:00-05:00,0.017242192501185194,0.015813526286130752
2018-02-26 00:00:00-05:00,0.01957895650244712,0.011545434559009138
2018-02-27 00:00:00-05:00,-0.0032459859630549204,-0.012565425628753069
2018-02-28 00:00:00-05:00,-0.0015144798308592833,-0.010181337151847103
2018-03-01 00:00:00-05:00,-0.01767160762399378,-0.014647546085344132
2018-03-02 00:00:00-05:00,0.006890518565559223,0.005141563981827524
2018-03-05 00:00:00-05:00,0.003456009219853229,0.011491698590387678
2018-03-06 00:00:00-05:00,-0.0008489338310204708,0.0025319972813235836
2018-03-07 00:00:00-05:00,-0.009326296150976798,-0.00036688325761513596
2018-03-08 00:00:00-05:00,0.010853564344067035,0.0048273745761280296
2018-03-09 00:00:00-05:00,0.017034777395121825,0.017252925502787342
2018-03-12 00:00:00-04:00,0.009621089986827869,-0.0012556027215033794
2018-03-13 00:00:00-04:00,-0.009676947052046803,-0.006483967836952154
2018-03-14 00:00:00-04:00,-0.00853742655012546,-0.005144894555795254
2018-03-15 00:00:00-04:00,0.001176197722946526,-0.0010902957253025036
2018-03-16 00:00:00-04:00,-0.0035327516458356634,0.001084045389702304
2018-03-19 00:00:00-04:00,-0.015397122237218674,-0.01362293905982881
2018-03-20 00:00:00-04:00,-0.0003421899811448803,0.0016991866385405174
2018-03-21 00:00:00-04:00,-0.022915335933293868,-0.0019210382555394645
2018-03-22 00:00:00-04:00,-0.014230280835016096,-0.025314915820499273
2018-03-23 00:00:00-04:00,-0.02342915886350827,-0.02154496173857634
2018-03-26 00:00:00-04:00,0.04637984090697955,0.02699139323266131
2018-03-27 00:00:00-04:00,-0.02597595221196025,-0.017158101438763396
2018-03-28 00:00:00-04:00,-0.0111103255197329,-0.0029591029475826147
2018-03-29 00:00:00-04:00,0.007778273688590076,0.012696773487472335
2018-04-02 00:00:00-04:00,-0.006577746226398062,-0.021821080958809524
2018-04-03 00:00:00-04:00,0.010206892863837247,0.012735670714480563
2018-04-04 00:00:00-04:00,0.01894170672602824,0.010642142533797916
2018-04-05 00:00:00-04:00,0.006910188554838381,0.007861113053517776
2018-04-06 00:00:00-04:00,-0.025911113966166077,-0.022538187317271863
2018-04-09 00:00:00-04:00,0.009868970580688252,0.004916420582059544
2018-04-10 00:00:00-04:00,0.018643138543104953,0.015775183153965422
2018-04-11 00:00:00-04:00,-0.004686220418321341,-0.005255776645288535
2018-04-12 00:00:00-04:00,0.009810182340901807,0.008193221629235303
2018-04-13 00:00:00-04:00,0.0033823307265268276,-0.0029374449839467687
2018-04-16 00:00:00-04:00,0.006218846097766573,0.008188331190635445
2018-04-17 00:00:00-04:00,0.013670357375961562,0.010641423295698615
2018-04-18 00:00:00-04:00,-0.002246688109331707,0.0007401412831740117
2018-04-19 00:00:00-04:00,-0.02874980317113085,-0.005563171136540923
2018-04-20 00:00:00-04:00,-0.041834686407135724,-0.008515351574184038
2018-04-23 00:00:00-04:00,-0.0029007539794059234,-0.0001497450343581619
2018-04-24 00:00:00-04:00,-0.01401698312090538,-0.013559183132844765
2018-04-25 00:00:00-04:00,0.004348042563640853,0.0024686808835996388
2018-04-26 00:00:00-04:00,0.0034768192813134924,0.010114272376381628
2018-04-27 00:00:00-04:00,-0.011637152818706031,0.0009384329159036753
2018-04-30 00:00:00-04:00,0.017949958376650255,-0.0077203172640141204
2018-05-01 00:00:00-04:00,0.022970185199439275,0.0017752651874118897
2018-05-02 00:00:00-04:00,0.04322724609750406,-0.006740068760402451
2018-05-03 00:00:00-04:00,0.001810857352107842,-0.0022060420286420523
2018-05-04 00:00:00-04:00,0.03848323426931799,0.012863295829953714
2018-05-07 00:00:00-04:00,0.007209013092182914,0.003377475790788509
2018-05-08 00:00:00-04:00,0.004795250441500976,0.0
2018-05-09 00:00:00-04:00,0.007016078971229245,0.009619526054273742
2018-05-10 00:00:00-04:00,0.014202601892039368,0.009307125889777446
2018-05-11 00:00:00-04:00,-0.0038102236447334903,0.0030463626524568355
2018-05-14 00:00:00-04:00,-0.002335976831064901,0.00047662943592374774
2018-05-15 00:00:00-04:00,-0.009129998601650868,-0.006910663892069735
2018-05-16 00:00:00-04:00,0.009289402110786327,0.004195775325879225
2018-05-17 00:00:00-04:00,-0.006343700158351506,-0.0008447613421918021
2018-05-18 00:00:00-04:00,-0.003643345503669959,-0.002503418287449044
2018-05-21 00:00:00-04:00,0.00706034395410482,0.0074908350451137196
2018-05-22 00:00:00-04:00,-0.0025084488099440527,-0.002784226302016357
2018-05-23 00:00:00-04:00,0.006391296427000537,0.002747432876294198
2018-05-24 00:00:00-04:00,-0.0011155494182752967,-0.002050855462986334
2018-05-25 00:00:00-04:00,0.002282788817568715,-0.002385535644431336
2018-05-29 00:00:00-04:00,-0.0036123129465441828,-0.01156742312132053
2018-05-30 00:00:00-04:00,-0.0021311641277508286,0.013256381352444002
2018-05-31 00:00:00-04:00,-0.003365521619284273,-0.006144990852360976
2018-06-01 00:00:00-04:00,0.017873202061396753,0.009769777574494043
2018-06-04 00:00:00-04:00,0.008323205717441606,0.004740387803551016
2018-06-05 00:00:00-04:00,0.007685320814298624,0.0007270870645381677
2018-06-06 00:00:00-04:00,0.0034599393197600747,0.008326032750584744
2018-06-07 00:00:00-04:00,-0.0026841003091173654,-0.00010834374810730907
2018-06-08 00:00:00-04:00,-0.009139278942075002,0.0029521596183892385
2018-06-11 00:00:00-04:00,-0.002454618675251652,0.0013292072286219536
2018-06-12 00:00:00-04:00,0.0054756988869288925,0.0012917551786824077
2018-06-13 00:00:00-04:00,-0.008251047002221235,-0.0031960028309745425
2018-06-14 00:00:00-04:00,0.0005242292618481414,0.0025140939676839835
2018-06-15 00:00:00-04:00,-0.010325615718027148,-0.0012765300406325508
2018-06-18 00:00:00-04:00,-0.0005299293010887496,-0.002058992218754163
2018-06-19 00:00:00-04:00,-0.016291736042062688,-0.003840131209419617
2018-06-20 00:00:00-04:00,0.004352733033975209,0.0017047016982054686
2018-06-21 00:00:00-04:00,-0.005592232431482991,-0.0062886697397850355
2018-06-22 00:00:00-04:00,-0.0029157964390855717,0.0018216191864359743
2018-06-25 00:00:00-04:00,-0.014983246339189904,-0.013706168122266327
2018-06-26 00:00:00-04:00,0.012330012688336556,0.002211417035269392
2018-06-27 00:00:00-04:00,-0.001465021237627262,-0.008318407235586633
2018-06-28 00:00:00-04:00,0.007250015482549443,0.005701109084961686
2018-06-29 00:00:00-04:00,-0.002104753890879163,0.0014383826936379407
2018-07-02 00:00:00-04:00,0.011120489014370794,0.0021359838186718605
2018-07-03 00:00:00-04:00,-0.017569825343660472,-0.003537721677732364
2018-07-05 00:00:00-04:00,0.00801470416960548,0.008124874079388889
2018-07-06 00:00:00-04:00,0.013766733660861341,0.008422764386218695
2018-07-09 00:00:00-04:00,0.013789733323148923,0.008964386988434825
2018-07-10 00:00:00-04:00,-0.0012076763391446477,0.0035915154578303188
2018-07-11 00:00:00-04:00,-0.013060964456405255,-0.0073414413326391426
2018-07-12 00:00:00-04:00,0.01662712093774399,0.009025317033106717
2018-07-13 00:00:00-04:00,0.0015691508214530359,0.0007873419895467748
2018-07-16 00:00:00-04:00,-0.0021973993702428807,-0.0008946258513029548
2018-07-17 00:00:00-04:00,0.0028244386335720684,0.00403707196836578
2018-07-18 00:00:00-04:00,-0.005499502821722846,0.0021012646005926783
2018-07-19 00:00:00-04:00,0.007742902887243108,-0.0037784073684425934
2018-07-20 00:00:00-04:00,-0.0022958781483151114,-0.0011435275334568118
2018-07-23 00:00:00-04:00,0.0008876092046516959,0.0018575687672033325
2018-07-24 00:00:00-04:00,0.007228243076458529,0.0050191922237416975
2018-07-25 00:00:00-04:00,0.00938604452884162,0.00848674403262173
2018-07-26 00:00:00-04:00,-0.0031360631558090546,-0.0023621518383940554
2018-07-27 00:00:00-04:00,-0.016771522464367195,-0.006799353573965661
2018-07-30 00:00:00-04:00,-0.005618277202884325,-0.005237046689033242
2018-07-31 00:00:00-04:00,0.0019990706873165287,0.004917199409399942
2018-08-01 00:00:00-04:00,0.057240013423636604,-0.0016719504264415264
2018-08-02 00:00:00-04:00,0.02881171538977556,0.005432712327534617
2018-08-03 00:00:00-04:00,0.002888750849015409,0.0042758699864053895
2018-08-06 00:00:00-04:00,0.00517928015870428,0.0036601194858398856
2018-08-07 00:00:00-04:00,-0.009418949787761033,0.0032971158325150185
2018-08-08 00:00:00-04:00,0.0006758438871004024,-0.0004198694144683657
2018-08-09 00:00:00-04:00,0.007833928117361388,-0.0013675476054508806
2018-08-10 00:00:00-04:00,-0.0029831722063047295,-0.006722770263199784
2018-08-13 00:00:00-04:00,0.006436210246655527,-0.003750638567860065
2018-08-14 00:00:00-04:00,0.004204140176345295,0.006360419540530238
2018-08-15 00:00:00-04:00,0.002333471932582931,-0.00749494072989787
2018-08-16 00:00:00-04:00,0.014543681328454294,0.008058611884950828
2018-08-17 00:00:00-04:00,0.019773275751032937,0.003514192554114004
2018-08-20 00:00:00-04:00,-0.009791223889545009,0.0021374496702479817
2018-08-21 00:00:00-04:00,-0.0019514492114649507,0.0023429685598665984
2018-08-22 00:00:00-04:00,4.6705806441060815e-05,-0.0005938697573277807
2018-08-23 00:00:00-04:00,0.002044056604665112,-0.001328814075168161
2018-08-24 00:00:00-04:00,0.0031039910467711707,0.006000095138370298
2018-08-27 00:00:00-04:00,0.008201098409708951,0.007864682713850435
2018-08-28 00:00:00-04:00,0.00804310587800483,0.0004828074849037023
2018-08-29 00:00:00-04:00,0.014819443817753797,0.005366626864043766
2018-08-30 00:00:00-04:00,0.009151477188743318,-0.004056967019053559
2018-08-31 00:00:00-04:00,0.011487779322620018,3.45509372570163e-05
2018-09-04 00:00:00-04:00,0.003201843723129816,-0.001723539895108317
2018-09-05 00:00:00-04:00,-0.006546350547332658,-0.002695235643002114
2018-09-06 00:00:00-04:00,-0.016757121532323893,-0.0030143684001400217
2018-09-07 00:00:00-04:00,-0.008100695004617187,-0.0019452841121330167
2018-09-10 00:00:00-04:00,-0.013511457678675676,0.0017368323525728258
2018-09-11 00:00:00-04:00,0.02496821236063118,0.003292164824324928
2018-09-12 00:00:00-04:00,-0.01249649562448818,0.0002424002236276479
2018-09-13 00:00:00-04:00,0.023868054726914334,0.0058962290242750015
2018-09-14 00:00:00-04:00,-0.01141599594195819,0.00017242802461492346
2018-09-17 00:00:00-04:00,-0.02698701723976793,-0.00530815458725975
2018-09-18 00:00:00-04:00,0.0016509041955572457,0.005411123193597156
2018-09-19 00:00:00-04:00,0.0005954454884720128,0.0010652033908309377
2018-09-20 00:00:00-04:00,0.007573232749529701,0.008071004897271195
2018-09-21 00:00:00-04:00,-0.010830026005749449,-0.0009140808187222405
2018-09-24 00:00:00-04:00,0.014277810259746726,-0.003327314942035642
2018-09-25 00:00:00-04:00,0.006321079690754683,-0.0009281171178958658
2018-09-26 00:00:00-04:00,-0.007998247682844628,-0.0029967752896400413
2018-09-27 00:00:00-04:00,0.020343493187494843,0.0027904624707559833
2018-09-28 00:00:00-04:00,0.003505562119118011,0.00010327975798585243
2018-10-01 00:00:00-04:00,0.006710967834551607,0.0034677778690310745
2018-10-02 00:00:00-04:00,0.008849054046361271,-0.0005827382922358737
2018-10-03 00:00:00-04:00,0.012095132221803251,0.0005485104819245024
2018-10-04 00:00:00-04:00,-0.017737208720070896,-0.007846184733510064
2018-10-05 00:00:00-04:00,-0.016361965411762824,-0.005612579431584663
2018-10-08 00:00:00-04:00,-0.002321133957958299,0.0
2018-10-09 00:00:00-04:00,0.013758415919282285,-0.0014607608120575932
2018-10-10 00:00:00-04:00,-0.047433263072512055,-0.03217555972609443
2018-10-11 00:00:00-04:00,-0.00886705010573463,-0.02227210493941545
2018-10-12 00:00:00-04:00,0.0350960739628432,0.013792122718655264
2018-10-15 00:00:00-04:00,-0.021617927944266757,-0.005632761837220279
2018-10-16 00:00:00-04:00,0.02179806533331563,0.021630460348316838
2018-10-17 00:00:00-04:00,-0.004330818676090864,0.0001782188271892693
2018-10-18 00:00:00-04:00,-0.02365098321013459,-0.014545897888840642
2018-10-19 00:00:00-04:00,0.015115359693018249,-0.0005432102654960858
2018-10-22 00:00:00-04:00,0.006091178789443319,-0.0044985033621491866
2018-10-23 00:00:00-04:00,0.009382528108050181,-0.0051039427459231845
2018-10-24 00:00:00-04:00,-0.03490348257320619,-0.03076685787500999
2018-10-25 00:00:00-04:00,0.0216612002388632,0.01778155126430825
2018-10-26 00:00:00-04:00,-0.016051818138560492,-0.017743917774532214
2018-10-29 00:00:00-04:00,-0.018948285561291467,-0.005555894951485563
2018-10-30 00:00:00-04:00,0.004981979174415674,0.014709846957399186
2018-10-31 00:00:00-04:00,0.025732540198097897,0.010624344656708473
2018-11-01 00:00:00-04:00,0.015235582664705483,0.010585482596257023
2018-11-02 00:00:00-04:00,-0.06863298384792671,-0.005940319384202475
2018-11-05 00:00:00-05:00,-0.028799134028815843,0.005501445710817343
2018-11-06 00:00:00-05:00,0.01075605451668249,0.006307883310576301
2018-11-07 00:00:00-05:00,0.02987751701552499,0.021182997029769446
2018-11-08 00:00:00-05:00,-0.0034952899376152757,-0.0018165755506904802
2018-11-09 00:00:00-05:00,-0.019469657896854287,-0.009816550575747485
2018-11-12 00:00:00-05:00,-0.05168739566013869,-0.018861754020169208
2018-11-13 00:00:00-05:00,-0.010041210615274299,-0.0018728778138248359
2018-11-14 00:00:00-05:00,-0.02865440552305687,-0.006860113088139386
2018-11-15 00:00:00-05:00,0.0243795175674677,0.010382515025371575
2018-11-16 00:00:00-05:00,0.01101469777636277,0.0025973153809095706
2018-11-19 00:00:00-05:00,-0.04043896610340614,-0.017058976165100326
2018-11-20 00:00:00-05:00,-0.04895685078805245,-0.018679620219786308
2018-11-21 00:00:00-05:00,-0.0011306278317015916,0.0034014822686705415
2018-11-23 00:00:00-05:00,-0.02572711054794663,-0.0067009727844915545
2018-11-26 00:00:00-05:00,0.013433382463985843,0.016015613213537172
2018-11-27 00:00:00-05:00,-0.0021786245741233223,0.0033585106229230277
2018-11-28 00:00:00-05:00,0.03773188281305284,0.022764227490529976
2018-11-29 00:00:00-05:00,-0.0077117726726778635,-0.002187353788835722
2018-11-30 00:00:00-05:00,-0.005417383215004623,0.006076898408609921
2018-12-03 00:00:00-05:00,0.03434580663524134,0.013154229739090084
2018-12-04 00:00:00-05:00,-0.04498559935025792,-0.032938986758224154
2018-12-06 00:00:00-05:00,-0.011212119541673005,-0.0015178470620744733
2018-12-07 00:00:00-05:00,-0.03630806817410637,-0.02351044101961275
2018-12-10 00:00:00-05:00,0.006566092024506531,0.001895141068511741
2018-12-11 00:00:00-05:00,-0.005735644977394205,0.000227368030890851
2018-12-12 00:00:00-05:00,0.0027832972594024064,0.005022734496064274
2018-12-13 00:00:00-05:00,0.01088082541780544,-0.00033942698058009313
2018-12-14 00:00:00-05:00,-0.03252062530505295,-0.018637040543657335
2018-12-17 00:00:00-05:00,-0.009350268425833086,-0.019813337429599898
2018-12-18 00:00:00-05:00,0.012909092775030384,-0.0010970721645433557
2018-12-19 00:00:00-05:00,-0.03168842454751131,-0.015089192543476848
2018-12-20 00:00:00-05:00,-0.025558305376156998,-0.016411761339692355
2018-12-21 00:00:00-05:00,-0.0396726172803441,-0.020702385385194866
2018-12-24 00:00:00-05:00,-0.026214089311207722,-0.026778375611621108
2018-12-26 00:00:00-05:00,0.0680522980994458,0.049290079861433966
2018-12-27 00:00:00-05:00,-0.006511204023634587,0.007647825311627443
2018-12-28 00:00:00-05:00,0.0005123448905020034,-0.0012908121485324386
2018-12-31 00:00:00-05:00,0.009618701928340467,0.008720900616926208
2019-01-02 00:00:00-05:00,0.0011405682942089435,0.0010397193189932707
2019-01-03 00:00:00-05:00,-0.10492434584437849,-0.024152338783143712
2019-01-04 00:00:00-05:00,0.04180326891353214,0.032946982836109306
2019-01-07 00:00:00-05:00,-0.0022285513149506997,0.007853898602391496
2019-01-08 00:00:00-05:00,0.01888412584568666,0.009351400354661976
2019-01-09 00:00:00-05:00,0.016838758243094887,0.0046626486598251304
2019-01-10 00:00:00-05:00,0.0031912708337422657,0.0035215501258560877
2019-01-11 00:00:00-05:00,-0.0098666458850456,0.0003859598285407273
2019-01-14 00:00:00-05:00,-0.015151203302302019,-0.0061196138645058795
2019-01-15 00:00:00-05:00,0.020259967900632336,0.01139550867400363
2019-01-16 00:00:00-05:00,0.012142586744962713,0.0024171503130894223
2019-01-17 00:00:00-05:00,0.005920641049710351,0.007558035223477866
2019-01-18 00:00:00-05:00,0.006139994123981918,0.013222201921800902
2019-01-22 00:00:00-05:00,-0.022701374317942502,-0.013602708333383617
2019-01-23 00:00:00-05:00,0.004035927668532224,0.0020904454054964106
2019-01-24 00:00:00-05:00,-0.007957741159082765,0.0005312975103208828
2019-01-25 00:00:00-05:00,0.03259964827688533,0.00842569234442525
2019-01-28 00:00:00-05:00,-0.009297550056441395,-0.007629048634393953
2019-01-29 00:00:00-05:00,-0.010418860342726433,-0.00132794122035218
2019-01-30 00:00:00-05:00,0.06610114631707464,0.015706747407108423
2019-01-31 00:00:00-05:00,0.007175212630171401,0.008744024372599135
2019-02-01 00:00:00-05:00,0.0004803873038548012,0.00048139360965571143
2019-02-04 00:00:00-05:00,0.028009004277992133,0.0070109894413121765
2019-02-05 00:00:00-05:00,0.016964824765309583,0.004183032974264478
2019-02-06 00:00:00-05:00,0.0003447193910250945,-0.0013190190399576807
2019-02-07 00:00:00-05:00,-0.019121234353237426,-0.009578701445070337
2019-02-08 00:00:00-05:00,0.001174403669838231,0.0012209714394213478
2019-02-11 00:00:00-05:00,-0.0057672629994249824,0.000554431554485646
2019-02-12 00:00:00-05:00,0.008579729760866961,0.012777405772260941
2019-02-13 00:00:00-05:00,-0.004163201784049164,0.0032416560414478823
2019-02-14 00:00:00-05:00,0.0036365954196941885,-0.002220752624374711
2019-02-15 00:00:00-05:00,-0.0022272845250737028,0.010838270500609148
2019-02-19 00:00:00-05:00,0.002988265795286882,0.0017292262957271376
2019-02-20 00:00:00-05:00,0.006414842809756571,0.0020133114429441434
2019-02-21 00:00:00-05:00,-0.0056548148626900385,-0.0035626803125516915
2019-02-22 00:00:00-05:00,0.011103882052748038,0.006181352023925335
2019-02-25 00:00:00-05:00,0.007258288270486801,0.0013604392898738382
2019-02-26 00:00:00-05:00,0.0005738715404226546,-0.0007158638867812428
2019-02-27 00:00:00-05:00,0.003092696897900815,-0.00042950785547368753
2019-02-28 00:00:00-05:00,-0.009884753771333799,-0.0018646207251595825
2019-03-01 00:00:00-05:00,0.010456342476437896,0.006224536319880514
2019-03-04 00:00:00-05:00,0.005016853603349691,-0.0036439274281381273
2019-03-05 00:00:00-05:00,-0.0018217066777741486,-0.0013612073581485973
2019-03-06 00:00:00-05:00,-0.005770240139606475,-0.0060752745622263404
2019-03-07 00:00:00-05:00,-0.011642360029505028,-0.008400421493121257
2019-03-08 00:00:00-05:00,0.002374128085383731,-0.002001870545630169
2019-03-11 00:00:00-04:00,0.03405601634829969,0.014396806794826134
2019-03-12 00:00:00-04:00,0.011172481594941441,0.0037640679011143874
2019-03-13 00:00:00-04:00,0.004412353757898391,0.00659700704064381
2019-03-14 00:00:00-04:00,0.011055338083886479,-0.0006399460703612192
2019-03-15 00:00:00-04:00,0.012924560479781633,0.00492813686753113
2019-03-18 00:00:00-04:00,0.010156455009036058,0.003619931287437872
2019-03-19 00:00:00-04:00,-0.007956215935697841,0.0002476066383376718
2019-03-20 00:00:00-04:00,0.008700579046830637,-0.0030142975096829616
2019-03-21 00:00:00-04:00,0.03616827597407468,0.011231155262898973
2019-03-22 00:00:00-04:00,-0.020925678502805134,-0.01943362004252247
2019-03-25 00:00:00-04:00,-0.012164975421038449,-0.0007523009685082016
2019-03-26 00:00:00-04:00,-0.010385540528473847,0.007426201209836947
2019-03-27 00:00:00-04:00,0.008953890475750903,-0.005242527165521871
2019-03-28 00:00:00-04:00,0.0013257822197414448,0.003783314134295779
2019-03-29 00:00:00-04:00,0.006496478638252423,0.006285210926324503
2019-04-01 00:00:00-04:00,0.006768198418692251,0.011789769154185947
2019-04-02 00:00:00-04:00,0.014432333973369627,0.000489327903824055
2019-04-03 00:00:00-04:00,0.00683127004615125,0.0015726852600055352
2019-04-04 00:00:00-04:00,0.0017392185949862693,0.002649641236359912
2019-04-05 00:00:00-04:00,0.006671670155968812,0.004828923546858377
2019-04-08 00:00:00-04:00,0.015613733725809098,0.0007620429354098235
2019-04-09 00:00:00-04:00,-0.003003195149485993,-0.005138101607631285
2019-04-10 00:00:00-04:00,0.005598305308617935,0.0034051631447908903
2019-04-11 00:00:00-04:00,-0.008359240240005228,-0.00027748777243452594
2019-04-12 00:00:00-04:00,-0.00040204026913137625,0.006743197992397754
2019-04-15 00:00:00-04:00,0.0018086737126412622,-0.0006551292727046132
2019-04-16 00:00:00-04:00,0.00010044409729514925,0.0006551292727046132
2019-04-17 00:00:00-04:00,0.01928585999255583,-0.0024501210244318727
2019-04-18 00:00:00-04:00,0.0035873888281887645,0.001967275551942649
2019-04-22 00:00:00-04:00,0.0032813049721895915,0.0008620271398074308
2019-04-23 00:00:00-04:00,0.014319849943236651,0.008951040093954532
2019-04-24 00:00:00-04:00,-0.0015433894420691097,-0.0022219497963309465
2019-04-25 00:00:00-04:00,-0.00911640301354355,-0.0006161794974639534
2019-04-26 00:00:00-04:00,-0.004785412209292517,0.00464626702966342
2019-04-29 00:00:00-04:00,0.001516192976784847,0.0015664697546480255
2019-04-30 00:00:00-04:00,-0.01944399725750312,0.0005101371524496301
2019-05-01 00:00:00-04:00,0.04791898229261937,-0.007544727276157737
2019-05-02 00:00:00-04:00,-0.006529258047722752,-0.0021610507335321216
2019-05-03 00:00:00-04:00,0.012354810334551214,0.009739970423574995
2019-05-06 00:00:00-04:00,-0.015562980323391429,-0.004123406921889838
2019-05-07 00:00:00-04:00,-0.027327172531695254,-0.016841176772545374
2019-05-08 00:00:00-04:00,0.00019712597345433736,-0.0013900647799136578
2019-05-09 00:00:00-04:00,-0.010802497360923091,-0.0030302214612358824
2019-05-10 00:00:00-04:00,-0.013949967601801117,0.005010856404969566
2019-05-13 00:00:00-04:00,-0.05987701736447182,-0.025451592464705186
2019-05-14 00:00:00-04:00,0.015706366209681466,0.009002887061122067
2019-05-15 00:00:00-04:00,0.011907941727187232,0.0058403713553696335
2019-05-16 00:00:00-04:00,-0.00440918974525184,0.009218736363703073
2019-05-17 00:00:00-04:00,-0.005698399227088924,-0.006486124592334441
2019-05-20 00:00:00-04:00,-0.03176911944737615,-0.006633783383201752
2019-05-21 00:00:00-04:00,0.018989591845876674,0.00897541103743471
2019-05-22 00:00:00-04:00,-0.020684189259795538,-0.003076459362466366
2019-05-23 00:00:00-04:00,-0.01721703821839915,-0.012293980579561214
2019-05-24 00:00:00-04:00,-0.003847940733801458,0.0022659491149932265
2019-05-28 00:00:00-04:00,-0.004143250606642113,-0.009343997637524026
2019-05-29 00:00:00-04:00,-0.004780465008040302,-0.006733639393137203
2019-05-30 00:00:00-04:00,0.005173085309457814,0.002727808761952666
2019-05-31 00:00:00-04:00,-0.018281538771326655,-0.013567166767586514
2019-06-03 00:00:00-04:00,-0.010161883079886191,-0.002546210248517866
2019-06-04 00:00:00-04:00,0.035930490077876076,0.02147443490158274
2019-06-05 00:00:00-04:00,0.01601447855767235,0.008625142669753671
2019-06-06 00:00:00-04:00,0.014575351223918176,0.006481446011565417
2019-06-07 00:00:00-04:00,0.026268807401100602,0.009957496258784282
2019-06-10 00:00:00-04:00,0.012698509193863394,0.00457825160312364
2019-06-11 00:00:00-04:00,0.011513021450638039,-0.00024180003255214189
2019-06-12 00:00:00-04:00,-0.0031877564728910457,-0.0017671375001775402
2019-06-13 00:00:00-04:00,-0.00020591825578364364,0.004117887210830062
2019-06-14 00:00:00-04:00,-0.007289052313289357,-0.0011058161971524427
2019-06-17 00:00:00-04:00,0.005948931687810521,0.0003802439206648245
2019-06-18 00:00:00-04:00,0.023246162190480923,0.010416651391061293
2019-06-19 00:00:00-04:00,-0.0029271873008087645,0.002254384791531727
2019-06-20 00:00:00-04:00,0.008003730469082981,0.009509512588556035
2019-06-21 00:00:00-04:00,-0.0034150336286353777,-0.0014548648740211334
2019-06-24 00:00:00-04:00,-0.0010064607785236213,-0.001225363471477614
2019-06-25 00:00:00-04:00,-0.015273773734816753,-0.009856294407779131
2019-06-26 00:00:00-04:00,0.021398381526100074,-0.0009980102847322314
2019-06-27 00:00:00-04:00,-0.00030009899656890937,0.0035391852708679394
2019-06-28 00:00:00-04:00,-0.00915364762021742,0.005133199011855716
2019-07-01 00:00:00-04:00,0.018174295925257322,0.009037477594688426
2019-07-02 00:00:00-04:00,0.005837426082380137,0.0026009405604279223
2019-07-03 00:00:00-04:00,0.008252945897341046,0.007963735406306682
2019-07-05 00:00:00-04:00,-0.000880873349553557,-0.00113884851443391
2019-07-08 00:00:00-04:00,-0.020829497232887295,-0.0055098109789497585
2019-07-09 00:00:00-04:00,0.006080967046950825,0.0012456807925094182
2019-07-10 00:00:00-04:00,0.00983985869723858,0.004766709923242907
2019-07-11 00:00:00-04:00,-0.007308794153716658,0.0023413229243161027
2019-07-12 00:00:00-04:00,0.007653282340303047,0.0044668464095485305
2019-07-15 00:00:00-04:00,0.00935118984887584,0.0003324910183311047
2019-07-16 00:00:00-04:00,-0.0034658312272641822,-0.0032303331763836596
2019-07-17 00:00:00-04:00,-0.005639491611816094,-0.006827994553375127
2019-07-18 00:00:00-04:00,0.011295710022928951,0.003654267401092426
2019-07-19 00:00:00-04:00,-0.015040184510240362,-0.005570527536105985
2019-07-22 00:00:00-04:00,0.02259719058828935,0.002453185817754111
2019-07-23 00:00:00-04:00,0.007787203248366126,0.007124499880279522
2019-07-24 00:00:00-04:00,-0.0008143718610607031,0.0046889566774757085
2019-07-25 00:00:00-04:00,-0.007938587727279955,-0.004788773998342322
2019-07-26 00:00:00-04:00,0.0034717365169631975,0.006677691417057652
2019-07-29 00:00:00-04:00,0.00929520801703898,-0.0018226519589230605
2019-07-30 00:00:00-04:00,-0.004301550445807045,-0.0024577859171515115
2019-07-31 00:00:00-04:00,0.02019910802062519,-0.011000622721228481
2019-08-01 00:00:00-04:00,-0.02187669199894371,-0.008746007963614133
2019-08-02 00:00:00-04:00,-0.021385251203445144,-0.007558259578793525
2019-08-05 00:00:00-04:00,-0.053767737894565126,-0.030534488026586537
2019-08-06 00:00:00-04:00,0.018753422691633492,0.013925451749429385
2019-08-07 00:00:00-04:00,0.010302253407932227,0.0005904426771463633
2019-08-08 00:00:00-04:00,0.02181602434030383,0.019430179708776585
2019-08-09 00:00:00-04:00,-0.008274671749674667,-0.006834850991819685
2019-08-12 00:00:00-04:00,-0.002540616010282548,-0.012247965219982504
2019-08-13 00:00:00-04:00,0.041476262639446926,0.015432100478276034
2019-08-14 00:00:00-04:00,-0.03021698379720128,-0.030013633241786408
2019-08-15 00:00:00-04:00,-0.004994163452753941,0.0026384783123685196
2019-08-16 00:00:00-04:00,0.023320852000535464,0.014646835372413847
2019-08-19 00:00:00-04:00,0.018472372138926385,0.01197578567205948
2019-08-20 00:00:00-04:00,4.7622258441126775e-05,-0.007692265267858822
2019-08-21 00:00:00-04:00,0.010780102104095413,0.008102871538632428
2019-08-22 00:00:00-04:00,-0.0008470019690722808,-0.0003080545064673146
2019-08-23 00:00:00-04:00,-0.04732256152995129,-0.026023298569285203
2019-08-26 00:00:00-04:00,0.01882095453593191,0.010998155794477604
2019-08-27 00:00:00-04:00,-0.011347877545375695,-0.003931319478371442
2019-08-28 00:00:00-04:00,0.006687889977272654,0.007016778383261091
2019-08-29 00:00:00-04:00,0.016790071981722665,0.012691909567076998
2019-08-30 00:00:00-04:00,-0.0012925519900313098,-0.0004441711906917334
2019-09-03 00:00:00-04:00,-0.014670593141511645,-0.005864442319784224
2019-09-04 00:00:00-04:00,0.016824197939033336,0.0112862446603188
2019-09-05 00:00:00-04:00,0.019362790090793336,0.012773498529007554
2019-09-06 00:00:00-04:00,-9.37190318279768e-05,0.0007721214413471955
2019-09-09 00:00:00-04:00,0.0042579103549318376,0.0005034976526383517
2019-09-10 00:00:00-04:00,0.011743723384741056,-0.000234881116321084
2019-09-11 00:00:00-04:00,0.03130024005806842,0.007085925476033594
2019-09-12 00:00:00-04:00,-0.002238760176175525,0.0034574191096004014
2019-09-13 00:00:00-04:00,-0.019645886952436076,-0.00066390014130846
2019-09-16 00:00:00-04:00,0.0052434561858238915,-0.003093907279860808
2019-09-17 00:00:00-04:00,0.003631520513487363,0.0025293127953958106
2019-09-18 00:00:00-04:00,0.009335383280778764,0.0005975979033525647
2019-09-19 00:00:00-04:00,-0.008157809266594374,-6.634471334709957e-05
2019-09-20 00:00:00-04:00,-0.01472615113828546,-0.004735860177721207
2019-09-23 00:00:00-04:00,0.004536861300834971,-0.00023464121097660495
2019-09-24 00:00:00-04:00,-0.004766568471948229,-0.00787802481277211
2019-09-25 00:00:00-04:00,0.015272229043996166,0.0058976271148809545
2019-09-26 00:00:00-04:00,-0.005170732215455942,-0.0020852558564739
2019-09-27 00:00:00-04:00,-0.00487804130339109,-0.005401988825189719
2019-09-30 00:00:00-04:00,0.023262738959639595,0.0046271856079114215
2019-10-01 00:00:00-04:00,0.0027641587236542087,-0.01196609170066143
2019-10-02 00:00:00-04:00,-0.02538705438529254,-0.017822507444885893
2019-10-03 00:00:00-04:00,0.008458653485529766,0.00815898914650326
2019-10-04 00:00:00-04:00,0.02764599320593586,0.013441551171214705
2019-10-07 00:00:00-04:00,0.00022054748322952733,-0.004324084752376223
2019-10-08 00:00:00-04:00,-0.011784342730196684,-0.01564671635086956
2019-10-09 00:00:00-04:00,0.01165190801511784,0.009451869060064233
2019-10-10 00:00:00-04:00,0.013388392520041759,0.006740899170349479
2019-10-11 00:00:00-04:00,0.026250680279865435,0.010313508299845786
2019-10-14 00:00:00-04:00,-0.0014404066185189635,-0.0011146097043548409
2019-10-15 00:00:00-04:00,-0.002334435445413341,0.009852082451289768
2019-10-16 00:00:00-04:00,-0.004045296854599201,-0.0016077578693147743
2019-10-17 00:00:00-04:00,0.003875272556798315,0.0029447412101664128
2019-10-18 00:00:00-04:00,0.004791287199268801,-0.004386834475140766
2019-10-21 00:00:00-04:00,0.01719403694268351,0.006756609862741847
2019-10-22 00:00:00-04:00,-0.0022894796641308446,-0.00327222588745979
2019-10-23 00:00:00-04:00,0.013329734454589293,0.0029055335085832468
2019-10-24 00:00:00-04:00,0.0016433396826140978,0.0016325364720612967
2019-10-25 00:00:00-04:00,0.012241229617792726,0.004086619453508966
2019-10-28 00:00:00-04:00,0.009967009565197138,0.005620633022713761
2019-10-29 00:00:00-04:00,-0.02339939607577346,-0.0002967768447978969
2019-10-30 00:00:00-04:00,-0.00012333795664787317,0.0030626025594129302
2019-10-31 00:00:00-04:00,0.02235775430154252,-0.00266677177944441
2019-11-01 00:00:00-04:00,0.027985534040133153,0.009221045990444487
2019-11-04 00:00:00-05:00,0.006545632551480551,0.004009860667101961
2019-11-05 00:00:00-05:00,-0.0014377972660621907,-0.0011066983644214545
2019-11-06 00:00:00-05:00,0.00042759404196157647,0.0002280110298844562
2019-11-07 00:00:00-05:00,0.01147511954534064,0.003510017094181528
2019-11-08 00:00:00-05:00,0.0027331192449038255,0.00246336938477576
2019-11-11 00:00:00-05:00,0.007887733286461085,-0.0019118771247867983
2019-11-12 00:00:00-05:00,-0.0009161273553797145,0.0021062501832673775
2019-11-13 00:00:00-05:00,0.00953616145422398,0.0003235446235665407
2019-11-14 00:00:00-05:00,-0.006943478999475339,0.0014543307071663847
2019-11-15 00:00:00-05:00,0.011809067175887478,0.007210745114588413
2019-11-18 00:00:00-05:00,0.005029959696510211,0.0007371685920318782
2019-11-19 00:00:00-05:00,-0.003037454275872875,-0.00028815808517279606
2019-11-20 00:00:00-05:00,-0.011709462335121046,-0.0037258072976111833
2019-11-21 00:00:00-05:00,-0.004493815724850414,-0.0016104987520630942
2019-11-22 00:00:00-05:00,-0.0008781543742424347,0.0022215578362239086
2019-11-25 00:00:00-05:00,0.01738155818332121,0.007720496398635035
2019-11-26 00:00:00-05:00,-0.007838752651706749,0.0022628078627278114
2019-11-27 00:00:00-05:00,0.013342635373929213,0.004447820241886724
2019-11-29 00:00:00-05:00,-0.0022051088821362086,-0.0037161313180478217
2019-12-02 00:00:00-05:00,-0.011629641029410998,-0.008530315231093155
2019-12-03 00:00:00-05:00,-0.017991000873452734,-0.0067296853621057195
2019-12-04 00:00:00-05:00,0.008787566565025884,0.0061519351850742865
2019-12-05 00:00:00-05:00,0.014564680066474267,0.0017959785215460045
2019-12-06 00:00:00-05:00,0.01913182053536122,0.009092971641382341
2019-12-09 00:00:00-05:00,-0.014099353913641366,-0.003149502725022124
2019-12-10 00:00:00-05:00,0.005827786950237446,-0.0011154956201995248
2019-12-11 00:00:00-05:00,0.008492789825492508,0.002834616297826109
2019-12-12 00:00:00-05:00,0.0025452820268698773,0.008581892595092455
2019-12-13 00:00:00-05:00,0.013501795256513738,0.0005992323006216438
2019-12-16 00:00:00-05:00,0.016973156808310463,0.006846320613066226
2019-12-17 00:00:00-05:00,0.001963394045044531,0.00021911284235809347
2019-12-18 00:00:00-05:00,-0.002392533054536017,6.253469545836055e-05
2019-12-19 00:00:00-05:00,0.0010003209111131284,0.004090359940862598
2019-12-20 00:00:00-05:00,-0.0020730103757093943,0.004375106395689166
2019-12-23 00:00:00-05:00,0.016186255301642305,0.0015264270683639225
2019-12-24 00:00:00-05:00,0.0009501899783534995,3.1267708600069e-05
2019-12-26 00:00:00-05:00,0.01964630125296285,0.005308814766538994
2019-12-27 00:00:00-05:00,-0.00037957630551943566,-0.00024728883176283745
2019-12-30 00:00:00-05:00,0.005917553019731514,-0.005528558792875948
2019-12-31 00:00:00-05:00,0.0072799329475108365,0.002426088454861919
2020-01-02 00:00:00-05:00,0.022560080896449897,0.009308364167884164
2020-01-03 00:00:00-05:00,-0.00976963879949544,-0.007600980620201092
2020-01-06 00:00:00-05:00,0.007936606478261332,0.003808022499915964
2020-01-07 00:00:00-05:00,-0.00471410687717988,-0.0028158830909914556
2020-01-08 00:00:00-05:00,0.01595844233829702,0.005315679176082888
2020-01-09 00:00:00-05:00,0.021018059427269087,0.006757298758564012
2020-01-10 00:00:00-05:00,0.0022585807838240157,-0.0028815851834149697
2020-01-13 00:00:00-05:00,0.021139192754427327,0.006853557300300572
2020-01-14 00:00:00-05:00,-0.013595334944835002,-0.0015256499421782976
2020-01-15 00:00:00-05:00,-0.004294595632859277,0.002257152293601905
2020-01-16 00:00:00-05:00,0.012448630751077161,0.008284001431177579
2020-01-17 00:00:00-05:00,0.011010041321878994,0.0031079304959797938
2020-01-21 00:00:00-05:00,-0.006800212841566733,-0.0019601837517084775
2020-01-22 00:00:00-05:00,0.0035634344260433437,0.00012065376164382968
2020-01-23 00:00:00-05:00,0.004804119988655486,0.001146393626331843
2020-01-24 00:00:00-05:00,-0.0028860964608501405,-0.008932966592366753
2020-01-27 00:00:00-05:00,-0.029846078053545888,-0.016159318207359163
2020-01-28 00:00:00-05:00,0.027896417235591997,0.010424939432874147
2020-01-29 00:00:00-05:00,0.020716464860509376,-0.0008266616671583904
2020-01-30 00:00:00-05:00,-0.0014504031945143936,0.003240231032492602
2020-01-31 00:00:00-05:00,-0.045351519469959634,-0.018325090567376634
2020-02-03 00:00:00-05:00,-0.0027501305895087924,0.007401329625153608
2020-02-04 00:00:00-05:00,0.03248015947345184,0.015126367776810312
2020-02-05 00:00:00-05:00,0.008121563278417732,0.01148168110553982
2020-02-06 00:00:00-05:00,0.011629008393716056,0.0033591396096550596
2020-02-07 00:00:00-05:00,-0.013685815624334019,-0.00534348848637034
2020-02-10 00:00:00-05:00,0.0047385822204883965,0.007437322607181329
2020-02-11 00:00:00-05:00,-0.006051734976753487,0.0017317158725154158
2020-02-12 00:00:00-05:00,0.02346989874675387,0.006422161287264139
2020-02-13 00:00:00-05:00,-0.0071464481542218294,-0.0010676160070763885
2020-02-14 00:00:00-05:00,0.0002463078898058413,0.0016006993772128553
2020-02-18 00:00:00-05:00,-0.01848030422070135,-0.002580167398513744
2020-02-19 00:00:00-05:00,0.014378830046297253,0.0047696312128184815
2020-02-20 00:00:00-05:00,-0.010312090259851026,-0.0041166121893443375
2020-02-21 00:00:00-05:00,-0.022894905144300814,-0.01035183040677179
2020-02-24 00:00:00-05:00,-0.04866539873184195,-0.033727598648015444
2020-02-25 00:00:00-05:00,-0.034459417673233794,-0.030770912321425925
2020-02-26 00:00:00-05:00,0.015739152481303087,-0.003684912139212848
2020-02-27 00:00:00-05:00,-0.06760257680888149,-0.04595165097228282
2020-02-28 00:00:00-05:00,-0.0005849945314189142,-0.004210297022779308
2020-03-02 00:00:00-05:00,0.0890183398634079,0.04239505106892594
2020-03-03 00:00:00-05:00,-0.03227461524020914,-0.029050487336641062
2020-03-04 00:00:00-05:00,0.045341053296549916,0.04117381063502723
2020-03-05 00:00:00-05:00,-0.032974895572549734,-0.03380664355635421
2020-03-06 00:00:00-05:00,-0.013369114336652999,-0.016669685841629978
2020-03-09 00:00:00-04:00,-0.08239535155239608,-0.08131241789794164
2020-03-10 00:00:00-04:00,0.0695460443818865,0.05045071657641298
2020-03-11 00:00:00-04:00,-0.035348007651255564,-0.04997682628934719
2020-03-12 00:00:00-04:00,-0.10397754638491552,-0.10056873191069382
2020-03-13 00:00:00-04:00,0.11315751593449086,0.08202807620412944
2020-03-16 00:00:00-04:00,-0.1377080542107647,-0.11588672726700722
2020-03-17 00:00:00-04:00,0.04303088033889768,0.05258497822160102
2020-03-18 00:00:00-04:00,-0.024784564944116738,-0.0519597548230708
2020-03-19 00:00:00-04:00,-0.007691574484105956,0.0021228820964998008
2020-03-20 00:00:00-04:00,-0.06559026824641201,-0.04405034464894442
2020-03-23 00:00:00-04:00,-0.021473146468200532,-0.025900702772958084
2020-03-24 00:00:00-04:00,0.09560603930735745,0.08673087794511058
2020-03-25 00:00:00-04:00,-0.0055239128630200085,0.014859201825968782
2020-03-26 00:00:00-04:00,0.05128501348155545,0.05674883563990285
2020-03-27 00:00:00-04:00,-0.042283746466258876,-0.030238311903008963
2020-03-30 00:00:00-04:00,0.028138261145717713,0.03195965529384903
2020-03-31 00:00:00-04:00,-0.0020426018202570617,-0.01501770148432957
2020-04-01 00:00:00-04:00,-0.05405205595803242,-0.04604909642098054
2020-04-02 00:00:00-04:00,0.01654901296180533,0.022813266098020257
2020-04-03 00:00:00-04:00,-0.014475632684171735,-0.014559907435056196
2020-04-06 00:00:00-04:00,0.08364025710461753,0.0650070632464157
2020-04-07 00:00:00-04:00,-0.011650298985093066,0.0010187664400609364
2020-04-08 00:00:00-04:00,0.025272901169671513,0.03301740539439901
2020-04-09 00:00:00-04:00,0.007190252730977065,0.015102540997527392
2020-04-13 00:00:00-04:00,0.019437166109275594,-0.009171873737909841
2020-04-14 00:00:00-04:00,0.04926941945243701,0.029066400028058936
2020-04-15 00:00:00-04:00,-0.009169170193449538,-0.02147743523079715
2020-04-16 00:00:00-04:00,0.007914029014412627,0.004812904852493638
2020-04-17 00:00:00-04:00,-0.013661296582005988,0.026656927170639833
2020-04-20 00:00:00-04:00,-0.020975275713983166,-0.01777499262831661
2020-04-21 00:00:00-04:00,-0.03139794999529233,-0.030833895205527817
2020-04-22 00:00:00-04:00,0.02839671457840698,0.021951960663204595
2020-04-23 00:00:00-04:00,-0.0038832851601595664,-7.179432384241125e-05
2020-04-24 00:00:00-04:00,0.02846081694839242,0.013842603071612558
2020-04-27 00:00:00-04:00,0.0007065618296104859,0.014315442998905858
2020-04-28 00:00:00-04:00,-0.016342700853977377,-0.004609051823992516
2020-04-29 00:00:00-04:00,0.03231751456611853,0.025841608581877118
2020-04-30 00:00:00-04:00,0.020876744155089,-0.009354241359581295
2020-05-01 00:00:00-04:00,-0.01623038079588568,-0.026829602792074247
2020-05-04 00:00:00-04:00,0.014049537971762227,0.0027538972743679224
2020-05-05 00:00:00-04:00,0.014897407529116613,0.00919702735385286
2020-05-06 00:00:00-04:00,0.010264609551176918,-0.00680214994077577
2020-05-07 00:00:00-04:00,0.010291750675367695,0.011994973429188427
2020-05-08 00:00:00-04:00,0.023522841856657095,0.01641066400550617
2020-05-11 00:00:00-04:00,0.015612736969051966,0.00020530193454249002
2020-05-12 00:00:00-04:00,-0.011494074364534868,-0.020132785707372314
2020-05-13 00:00:00-04:00,-0.012147669526296312,-0.017844498529200337
2020-05-14 00:00:00-04:00,0.00612474023739118,0.011896720325616172
2020-05-15 00:00:00-04:00,-0.005929524618865756,0.00458597035934627
2020-05-18 00:00:00-04:00,0.023287988631380152,0.030004970773497064
2020-05-19 00:00:00-04:00,-0.005795453410441631,-0.01032438755406595
2020-05-20 00:00:00-04:00,0.019261641479242364,0.016845508527914
2020-05-21 00:00:00-04:00,-0.007483674137161778,-0.006927609126117673
2020-05-22 00:00:00-04:00,0.006418028891403971,0.0018969596719076165
2020-05-26 00:00:00-04:00,-0.006796634926676148,0.012245074954560842
2020-05-27 00:00:00-04:00,0.00434752074205047,0.014769564441866834
2020-05-28 00:00:00-04:00,0.00044020696386581903,-0.0018461335670858503
2020-05-29 00:00:00-04:00,-0.0009747636766794798,0.004445898447298369
2020-06-01 00:00:00-04:00,0.01222308393021887,0.0040333792565521165
2020-06-02 00:00:00-04:00,0.004618769248311949,0.008246048615436763
2020-06-03 00:00:00-04:00,0.005490020160126896,0.013220492974115317
2020-06-04 00:00:00-04:00,-0.008649722473319521,-0.002630324081730251
2020-06-05 00:00:00-04:00,0.02808316870335581,0.02530682668729156
2020-06-08 00:00:00-04:00,0.00589481175957296,0.01201495815548359
2020-06-09 00:00:00-04:00,0.031089736611440877,-0.007485061095298562
2020-06-10 00:00:00-04:00,0.0254021058127174,-0.005595257808367116
2020-06-11 00:00:00-04:00,-0.049201536519975164,-0.05937738668490056
2020-06-12 00:00:00-04:00,0.0085969624034119,0.011904236207823438
2020-06-15 00:00:00-04:00,0.012291224140845713,0.009292478680812621
2020-06-16 00:00:00-04:00,0.026157135194595504,0.019064487545279896
2020-06-17 00:00:00-04:00,-0.0013925386631843395,-0.00416204802084863
2020-06-18 00:00:00-04:00,0.00039766891012948946,0.0003847135615844266
2020-06-19 00:00:00-04:00,-0.005730903569741486,-0.0057313275121009255
2020-06-22 00:00:00-04:00,0.025827559180686244,0.0063948054466642645
2020-06-23 00:00:00-04:00,0.021120031046832466,0.004592981349879288
2020-06-24 00:00:00-04:00,-0.017809593863677087,-0.02583950369860233
2020-06-25 00:00:00-04:00,0.013188228959942982,0.01066351414365485
2020-06-26 00:00:00-04:00,-0.031207911672753497,-0.02403808426652798
2020-06-29 00:00:00-04:00,0.022785357819631535,0.014590432945958298
2020-06-30 00:00:00-04:00,0.008313082146520046,0.012728067011972932
2020-07-01 00:00:00-04:00,-0.001893524714900785,0.006980459961391183
2020-07-02 00:00:00-04:00,0.0,0.005492439319720432
2020-07-06 00:00:00-04:00,0.026398660317542344,0.015318781966312756
2020-07-07 00:00:00-04:00,-0.003107547386484555,-0.010367261847758158
2020-07-08 00:00:00-04:00,0.023023129248858965,0.007619607116333249
2020-07-09 00:00:00-04:00,0.004291043499002001,-0.005709150043567313
2020-07-10 00:00:00-04:00,0.0017476333493986473,0.01015873322475258
2020-07-13 00:00:00-04:00,-0.004623710823859817,-0.00869641549908362
2020-07-14 00:00:00-04:00,0.016412870970389015,0.01287538109128672
2020-07-15 00:00:00-04:00,0.006853759911670032,0.009145395472634377
2020-07-16 00:00:00-04:00,-0.012381200714097318,-0.0032990908469230362
2020-07-17 00:00:00-04:00,-0.002022080643961921,0.0028950889051433393
2020-07-20 00:00:00-04:00,0.020854520138580135,0.00804908723576947
2020-07-21 00:00:00-04:00,-0.013897777512792864,0.002125289324573565
2020-07-22 00:00:00-04:00,0.002805379562169641,0.005676039002611155
2020-07-23 00:00:00-04:00,-0.04658479426987583,-0.012003631045246266
2020-07-24 00:00:00-04:00,-0.002480440649297755,-0.006461240322241046
2020-07-27 00:00:00-04:00,0.02342385303951744,0.007265980682042539
2020-07-28 00:00:00-04:00,-0.01656400358128174,-0.006362540435570274
2020-07-29 00:00:00-04:00,0.018987170450232682,0.012223845444996329
2020-07-30 00:00:00-04:00,0.012027549241755864,-0.0035743182234355686
2020-07-31 00:00:00-04:00,0.09956350379681922,0.007871061893104603
2020-08-03 00:00:00-04:00,0.024885021252917028,0.006928179115082145
2020-08-04 00:00:00-04:00,0.0066561800540014815,0.0038549884988654526
2020-08-05 00:00:00-04:00,0.0036181010943039382,0.006191998137090593
2020-08-06 00:00:00-04:00,0.03429449349286884,0.006662203843882608
2020-08-07 00:00:00-04:00,-0.022998113614458582,0.0007176591363853291
2020-08-10 00:00:00-04:00,0.014429965390136523,0.002984501009247076
2020-08-11 00:00:00-04:00,-0.03019124305800691,-0.008289073279732051
2020-08-12 00:00:00-04:00,0.03269428545829456,0.013846202918977646
2020-08-13 00:00:00-04:00,0.017542655965852028,-0.0018092982315645045
2020-08-14 00:00:00-04:00,-0.0008916756500916279,2.961284646829654e-05
2020-08-17 00:00:00-04:00,-0.00261406922863916,0.0031713639697885654
2020-08-18 00:00:00-04:00,0.008298355480159891,0.0021581205794651837
2020-08-19 00:00:00-04:00,0.0012538169887461592,-0.004172515541007726
2020-08-20 00:00:00-04:00,0.021947073926499527,0.0031087317437012985
2020-08-21 00:00:00-04:00,0.050248533187689404,0.0035414889309208775
2020-08-24 00:00:00-04:00,0.011889169311747771,0.010081835721576837
2020-08-25 00:00:00-04:00,-0.00823735688550542,0.003493267645492182
2020-08-26 00:00:00-04:00,0.013507210535412817,0.009975747700938342
2020-08-27 00:00:00-04:00,-0.012026293679551436,0.0021840179242680335
2020-08-28 00:00:00-04:00,-0.0016211879400529483,0.0064385108547506675
2020-08-31 00:00:00-04:00,0.033349817096961054,-0.0036289403609801596
2020-09-01 00:00:00-04:00,0.03905940213509762,0.00937442126097121
2020-09-02 00:00:00-04:00,-0.020935688933017005,0.014360356910832373
2020-09-03 00:00:00-04:00,-0.08344783402071165,-0.035020255323661154
2020-09-04 00:00:00-04:00,0.0006616500300351547,-0.008198412085189233
2020-09-08 00:00:00-04:00,-0.06966632323106214,-0.02770278297561024
2020-09-09 00:00:00-04:00,0.03911149927079016,0.01955471187813096
2020-09-10 00:00:00-04:00,-0.03319039862795492,-0.017516138848352902
2020-09-11 00:00:00-04:00,-0.013215787308408444,0.0005086225824557644
2020-09-14 00:00:00-04:00,0.029558653474824226,0.013085728400421104
2020-09-15 00:00:00-04:00,0.001559332964138349,0.005039590834504892
2020-09-16 00:00:00-04:00,-0.029958260429710393,-0.0039765683208532465
2020-09-17 00:00:00-04:00,-0.01609233537554111,-0.008834135227088424
2020-09-18 00:00:00-04:00,-0.03223391121303365,-0.011579560127057853
2020-09-21 00:00:00-04:00,0.029874846929788923,-0.011192081941367782
2020-09-22 00:00:00-04:00,0.015593741108524739,0.010133105932932374
2020-09-23 00:00:00-04:00,-0.042851312646916107,-0.023463935660082313
2020-09-24 00:00:00-04:00,0.01021659902406391,0.002661586448377662
2020-09-25 00:00:00-04:00,0.036829350026794216,0.016037840181166274
2020-09-28 00:00:00-04:00,0.023588704667529825,0.01647291539217921
2020-09-29 00:00:00-04:00,-0.007596882714548059,-0.005460975743488916
2020-09-30 00:00:00-04:00,0.014963366616302487,0.007553390195087495
2020-10-01 00:00:00-04:00,0.00842658139768826,0.006399574166949584
2020-10-02 00:00:00-04:00,-0.03281250746386899,-0.009539938830644523
2020-10-05 00:00:00-04:00,0.030326518001904113,0.017577836656795576
2020-10-06 00:00:00-04:00,-0.02908861852201028,-0.01431802632728374
2020-10-07 00:00:00-04:00,0.016824687643582692,0.01725683005231815
2020-10-08 00:00:00-04:00,-0.0009563172913731322,0.008823416053319377
2020-10-09 00:00:00-04:00,0.017246559744285683,0.008890516708097707
2020-10-12 00:00:00-04:00,0.061584272141734786,0.015959424749532047
2020-10-13 00:00:00-04:00,-0.026885369266419268,-0.0065471486417765234
2020-10-14 00:00:00-04:00,0.0007429494471695719,-0.0063032899595585334
2020-10-15 00:00:00-04:00,-0.0039687255099059016,-0.0012366598853841282
2020-10-16 00:00:00-04:00,-0.01409927507017894,-0.0006046479022394635
2020-10-19 00:00:00-04:00,-0.025873880091664248,-0.015320017139893949
2020-10-20 00:00:00-04:00,0.013105805197681342,0.00399760248911285
2020-10-21 00:00:00-04:00,-0.005461285785977488,-0.0018947163130436095
2020-10-22 00:00:00-04:00,-0.009629577370722231,0.005470287383316119
2020-10-23 00:00:00-04:00,-0.006152590565944749,0.0033895016898615182
2020-10-26 00:00:00-04:00,8.66988588903439e-05,-0.018652766942456545
2020-10-27 00:00:00-04:00,0.0133826211045589,-0.003453233748965445
2020-10-28 00:00:00-04:00,-0.04741903672476688,-0.03477700330453537
2020-10-29 00:00:00-04:00,0.0363805919028497,0.010112466397327324
2020-10-30 00:00:00-04:00,-0.05764826490226049,-0.010479718842839603
2020-11-02 00:00:00-05:00,-0.0008271342449237551,0.011146062894597186
2020-11-03 00:00:00-05:00,0.015236840105061766,0.017501878626487333
2020-11-04 00:00:00-05:00,0.04002479573042894,0.022102938931651828
2020-11-05 00:00:00-05:00,0.03487841500131417,0.01931536890038288
2020-11-06 00:00:00-05:00,-0.0011367566736675272,-0.00022836689167604618
2020-11-09 00:00:00-05:00,-0.020170106841206348,0.012487280620607777
2020-11-10 00:00:00-05:00,-0.003013267297394151,-0.0014677200924868572
2020-11-11 00:00:00-05:00,0.029900758779174197,0.007401182637880588
2020-11-12 00:00:00-05:00,-0.0023457212786608395,-0.009748231056755152
2020-11-13 00:00:00-05:00,0.00041925431808920166,0.013749601030281333
2020-11-16 00:00:00-05:00,0.008682781507761916,0.012405099639438255
2020-11-17 00:00:00-05:00,-0.007593318388298798,-0.0053929921209121545
2020-11-18 00:00:00-05:00,-0.011456646684268712,-0.012107527869528845
2020-11-19 00:00:00-05:00,0.005154997710390852,0.004201244234272039
2020-11-20 00:00:00-05:00,-0.011018275948008416,-0.006871484679938256
2020-11-23 00:00:00-05:00,-0.03019381421163292,0.005976785303001719
2020-11-24 00:00:00-05:00,0.01152752672983759,0.01598519528855924
2020-11-25 00:00:00-05:00,0.007439511906396135,-0.0015430010037036368
2020-11-27 00:00:00-05:00,0.004814745537303544,0.0027809902069941828
2020-11-30 00:00:00-05:00,0.02088005840633489,-0.004436767212654402
2020-12-01 00:00:00-05:00,0.030361716715086473,0.010877910319627482
2020-12-02 00:00:00-05:00,0.002929177662672089,0.0021014169862327847
2020-12-03 00:00:00-05:00,-0.0011378993446218288,-0.00027233694061656877
2020-12-04 00:00:00-05:00,-0.005628448493697924,0.008580667148461174
2020-12-07 00:00:00-05:00,0.012195211536424999,-0.002057183767623094
2020-12-08 00:00:00-05:00,0.005078059800187162,0.0029219235891639883
2020-12-09 00:00:00-05:00,-0.021125222121133547,-0.00900957749742215
2020-12-10 00:00:00-05:00,0.011917463014184726,-0.00032665179236701647
2020-12-11 00:00:00-05:00,-0.006757533198782362,-0.0011734967615293357
2020-12-14 00:00:00-05:00,-0.005159929815402364,-0.004487203775632054
2020-12-15 00:00:00-05:00,0.04887603201680246,0.013428624840169157
2020-12-16 00:00:00-05:00,-0.0005475861595325426,0.0015683049867813992
2020-12-17 00:00:00-05:00,0.0069393954217344955,0.005576320634618881
2020-12-18 00:00:00-05:00,-0.01597773552547377,-0.004000856664891472
2020-12-21 00:00:00-05:00,0.012319061878734772,-0.0035819059621235994
2020-12-22 00:00:00-05:00,0.028067085927920843,-0.0016868991964242852
2020-12-23 00:00:00-05:00,-0.00700010692127595,0.0008984838288297325
2020-12-24 00:00:00-05:00,0.007682304510288951,0.0038828814018900815
2020-12-28 00:00:00-05:00,0.03514079014340776,0.008554016582891677
2020-12-29 00:00:00-05:00,-0.0134040243269542,-0.0019097481468017818
2020-12-30 00:00:00-05:00,-0.008563355636706405,0.0014258719125104236
2020-12-31 00:00:00-05:00,-0.007732400694025365,0.0050679176787200575
2021-01-04 00:00:00-05:00,-0.025030053069864167,-0.01370754340951219
2021-01-05 00:00:00-05:00,0.012287964203066437,0.00686358402837417
2021-01-06 00:00:00-05:00,-0.03424097823822336,0.005961085790741727
2021-01-07 00:00:00-05:00,0.03355396000791888,0.014748256423044559
2021-01-08 00:00:00-05:00,0.008594369519794753,0.005681261721466768
2021-01-11 00:00:00-05:00,-0.02352357399972771,-0.006763542339697892
2021-01-12 00:00:00-05:00,-0.001396401058944008,0.00021104860340237508
2021-01-13 00:00:00-05:00,0.016096274383384568,0.002689482209637717
2021-01-14 00:00:00-05:00,-0.015242666178192366,-0.003508064826239554
2021-01-15 00:00:00-05:00,-0.013825620564261065,-0.0073195193192230334
2021-01-19 00:00:00-05:00,0.005412554093473965,0.007821425527128945
2021-01-20 00:00:00-05:00,0.032327661711802236,0.0137439589083721
2021-01-21 00:00:00-05:00,0.036002485934854,0.0009109394957036443
2021-01-22 00:00:00-05:00,0.015945880309844895,-0.003545563358817283
2021-01-25 00:00:00-05:00,0.02730768101047687,0.003935870908843064
2021-01-26 00:00:00-05:00,0.0016777956811298012,-0.0015620594375604924
2021-01-27 00:00:00-05:00,-0.007713570995094621,-0.02474414735430308
2021-01-28 00:00:00-05:00,-0.03561194777792309,0.008563497554797905
2021-01-29 00:00:00-05:00,-0.038138574744409404,-0.020222879554051332
2021-02-01 00:00:00-05:00,0.01638493565149801,0.0165087486373805
2021-02-02 00:00:00-05:00,0.006317191461555183,0.014041093063456245
2021-02-03 00:00:00-05:00,-0.007809213805821891,0.000785876987030143
2021-02-04 00:00:00-05:00,0.025431969337705418,0.011302057106768792
2021-02-05 00:00:00-05:00,-0.0031032532957215864,0.003927633137796427
2021-02-08 00:00:00-05:00,0.001096702993475418,0.007196187056894843
2021-02-09 00:00:00-05:00,-0.006595447457041104,-0.0006661121591182706
2021-02-10 00:00:00-05:00,-0.004569233955749041,-0.0004355869459677919
2021-02-11 00:00:00-05:00,-0.001922027783303193,0.0016137783726151156
2021-02-12 00:00:00-05:00,0.0017743373301675192,0.004927559105248669
2021-02-16 00:00:00-05:00,-0.016235047776673284,-0.0008663086270965792
2021-02-17 00:00:00-05:00,-0.017801365541350478,0.00022935801051371385
2021-02-18 00:00:00-05:00,-0.008674084416859351,-0.004265036642459918
2021-02-19 00:00:00-05:00,0.0012329553874872445,-0.0017675100573182334
2021-02-22 00:00:00-05:00,-0.030252113131122194,-0.007721587532113716
2021-02-23 00:00:00-05:00,-0.0011118498763007523,0.0012136025783977544
2021-02-24 00:00:00-05:00,-0.004060389744131143,0.010959171403876589
2021-02-25 00:00:00-05:00,-0.03540189716022013,-0.024390758172185834
2021-02-26 00:00:00-05:00,0.0022291838487626947,-0.005166099468599583
2021-03-01 00:00:00-05:00,0.052451295752372395,0.02395098674328544
2021-03-02 00:00:00-05:00,-0.02111486016520292,-0.007833675043300126
2021-03-03 00:00:00-05:00,-0.024760574312970185,-0.013334013066690353
2021-03-04 00:00:00-05:00,-0.01593831824553682,-0.012452197709470703
2021-03-05 00:00:00-05:00,0.010680886324494487,0.018229229625212895
2021-03-08 00:00:00-05:00,-0.042566459336216056,-0.004991059615321092
2021-03-09 00:00:00-05:00,0.03984510930309426,0.014176331753904314
2021-03-10 00:00:00-05:00,-0.009209067111946467,0.006205384055665064
2021-03-11 00:00:00-05:00,0.016368090591036832,0.010088111206337125
2021-03-12 00:00:00-05:00,-0.007654699450559299,0.001345959868388924
2021-03-15 00:00:00-04:00,0.024162473194499157,0.005945750200769595
2021-03-16 00:00:00-04:00,0.012662575059680492,-0.0012619316776287803
2021-03-17 00:00:00-04:00,-0.006471526002942873,0.003404006037802887
2021-03-18 00:00:00-04:00,-0.034493282388599056,-0.014656388669822995
2021-03-19 00:00:00-04:00,-0.004490049284441966,-0.001852302182263621
2021-03-22 00:00:00-04:00,0.0279413520280416,0.007953445093219713
2021-03-23 00:00:00-04:00,-0.006912454995860351,-0.007901971597096491
2021-03-24 00:00:00-04:00,-0.02019594688487203,-0.00509643042581942
2021-03-25 00:00:00-04:00,0.004154895902099831,0.005609842852982716
2021-03-26 00:00:00-04:00,0.005128060592828554,0.015986659212742005
2021-03-29 00:00:00-04:00,0.0014840212991371615,-0.0005052678792631937
2021-03-30 00:00:00-04:00,-0.01235032072246689,-0.0026567284543927983
2021-03-31 00:00:00-04:00,0.01859165021175091,0.0040453119883734345
2021-04-01 00:00:00-04:00,0.006934448223519851,0.010741044023450108
2021-04-05 00:00:00-04:00,0.02330366335958889,0.014251232368859945
2021-04-06 00:00:00-04:00,0.002459170556280199,-0.0005910042457974996
2021-04-07 00:00:00-04:00,0.013301580799306656,0.0011568442485829777
2021-04-08 00:00:00-04:00,0.019051152651306857,0.004735614388823528
2021-04-09 00:00:00-04:00,0.020049428533560842,0.007243801359486213
2021-04-12 00:00:00-04:00,-0.013321502362718007,0.0003645486800403219
2021-04-13 00:00:00-04:00,0.02401589266288706,0.0029591445158088092
2021-04-14 00:00:00-04:00,-0.0180146422861025,-0.0034209817046804147
2021-04-15 00:00:00-04:00,0.018535426331115268,0.010685252111682253
2021-04-16 00:00:00-04:00,-0.0025315321593550877,0.0033366370980569826
2021-04-19 00:00:00-04:00,0.005055740716765733,-0.004924834853046178
2021-04-20 00:00:00-04:00,-0.012913009393028752,-0.0073485793717553705
2021-04-21 00:00:00-04:00,0.002925854130411132,0.009417563537176932
2021-04-22 00:00:00-04:00,-0.011754063070934073,-0.009175102660619494
2021-04-23 00:00:00-04:00,0.017877736424134483,0.010784231820423429
2021-04-26 00:00:00-04:00,0.00297351087341724,0.002085321599913037
2021-04-27 00:00:00-04:00,-0.002452534069864676,-0.00021550784994506245
2021-04-28 00:00:00-04:00,-0.0060455135395640625,-0.00028767767492432483
2021-04-29 00:00:00-04:00,-0.0007489180881838919,0.006352763385902627
2021-04-30 00:00:00-04:00,-0.01524897115930468,-0.006592087004655411
2021-05-03 00:00:00-04:00,0.008181683857894306,0.002154438422713234
2021-05-04 00:00:00-04:00,-0.03602682015431391,-0.006188612640873892
2021-05-05 00:00:00-04:00,0.0019536278355518633,0.0003127057624263685
2021-05-06 00:00:00-04:00,0.012721102023429687,0.00795395588226011
2021-05-07 00:00:00-04:00,0.005313446215593487,0.007251846847066368
2021-05-10 00:00:00-04:00,-0.0261432604786771,-0.009951974539091246
2021-05-11 00:00:00-04:00,-0.00743801652344267,-0.008964838467236724
2021-05-12 00:00:00-04:00,-0.025254606925894763,-0.021473968977206326
2021-05-13 00:00:00-04:00,0.01776085146662254,0.011940858779413865
2021-05-14 00:00:00-04:00,0.019650520672967353,0.015238469799074394
2021-05-17 00:00:00-04:00,-0.009301655652556029,-0.0025477191187919246
2021-05-18 00:00:00-04:00,-0.011309474616292725,-0.008652923877431107
2021-05-19 00:00:00-04:00,-0.0012822708451833975,-0.002625167909623194
2021-05-20 00:00:00-04:00,0.02079434970465588,0.010700593001531367
2021-05-21 00:00:00-04:00,-0.014877230498633764,-0.0008191485496160666
2021-05-24 00:00:00-04:00,0.013226169500328844,0.010142598564258698
2021-05-25 00:00:00-04:00,-0.001574771710641798,-0.002221191256873034
2021-05-26 00:00:00-04:00,-0.0003938645719294698,0.00198256570452493
2021-05-27 00:00:00-04:00,-0.012454079406340135,0.0005247760649371713
2021-05-28 00:00:00-04:00,-0.005362356982638872,0.001787250860969536
2021-06-01 00:00:00-04:00,-0.0026518788445821784,-0.0008811269975321778
2021-06-02 00:00:00-04:00,0.0062564736638144325,0.0015712545987316417
2021-06-03 00:00:00-04:00,-0.012228509755288108,-0.0037182165747573492
2021-06-04 00:00:00-04:00,0.018843481793396677,0.009104183722125292
2021-06-07 00:00:00-04:00,7.933632523560163e-05,-0.0009705232086218984
2021-06-08 00:00:00-04:00,0.006649792437080748,0.00021312427425357328
2021-06-09 00:00:00-04:00,0.003072409872520332,-0.001493135430747472
2021-06-10 00:00:00-04:00,-0.008055355533195474,0.004637775791226595
2021-06-11 00:00:00-04:00,0.009784583188781504,0.0016510779527747488
2021-06-14 00:00:00-04:00,0.024280718007545055,0.002236441259499067
2021-06-15 00:00:00-04:00,-0.006458810725497699,-0.0018357505779613703
2021-06-16 00:00:00-04:00,0.00392638498316078,-0.005599032453996955
2021-06-17 00:00:00-04:00,0.012521863173334147,-0.00033174882308006914
2021-06-18 00:00:00-04:00,-0.010142726255632617,-0.013582202881463168
2021-06-21 00:00:00-04:00,0.014005713766933603,0.014214247043772055
2021-06-22 00:00:00-04:00,0.012617854018852626,0.0053319213992191195
2021-06-23 00:00:00-04:00,-0.0020921261562376614,-0.0012058364680394007
2021-06-24 00:00:00-04:00,-0.002171200687202557,0.005898333636157105
2021-06-25 00:00:00-04:00,-0.0022510171174721094,0.0035456406500511406
2021-06-28 00:00:00-04:00,0.01246785809545603,0.002013990339216676
2021-06-29 00:00:00-04:00,0.011434740554164158,0.0005379829648335388
2021-06-30 00:00:00-04:00,0.004610201039504602,0.0008411016041671715
2021-07-01 00:00:00-04:00,0.0022613164824880627,0.005521597187131633
2021-07-02 00:00:00-04:00,0.019406678725336413,0.007614419061733102
2021-07-06 00:00:00-04:00,0.014611315852344653,-0.0018230728210859581
2021-07-07 00:00:00-04:00,0.017795701074925674,0.003527846953908842
2021-07-08 00:00:00-04:00,-0.00924227768554342,-0.008181575414584863
2021-07-09 00:00:00-04:00,0.012970512538576173,0.010618298564947892
2021-07-12 00:00:00-04:00,-0.004212347071590017,0.003575410979643756
2021-07-13 00:00:00-04:00,0.007857994408274394,-0.003414757853498429
2021-07-14 00:00:00-04:00,0.023814660678110222,0.00149127488920886
2021-07-15 00:00:00-04:00,-0.004501966610189534,-0.0034214938732963773
2021-07-16 00:00:00-04:00,-0.014176300500357897,-0.007874541795116485
2021-07-19 00:00:00-04:00,-0.027282952905111735,-0.014878026419812507
2021-07-20 00:00:00-04:00,0.025642291390385985,0.0142286965224665
2021-07-21 00:00:00-04:00,-0.005144741546014409,0.008063746075687384
2021-07-22 00:00:00-04:00,0.009582356858401475,0.002091957538151057
2021-07-23 00:00:00-04:00,0.01191819466767452,0.010235306586897863
2021-07-26 00:00:00-04:00,0.0028900291747042672,0.002451867707595312
2021-07-27 00:00:00-04:00,-0.015012199968593265,-0.00456801792260908
2021-07-28 00:00:00-04:00,-0.012271355127640327,-0.0004100472035766245
2021-07-29 00:00:00-04:00,0.004541983888630696,0.004138794129395329
2021-07-30 00:00:00-04:00,0.001509565028830373,-0.004868174078267451
2021-08-02 00:00:00-04:00,-0.002333729871419443,-0.002100299366007974
2021-08-03 00:00:00-04:00,0.012564998200100597,0.00810266634552903
2021-08-04 00:00:00-04:00,-0.0027862032433283446,-0.004931145383173963
2021-08-05 00:00:00-04:00,0.0007481789067771416,0.006312655296101255
2021-08-06 00:00:00-04:00,-0.004778349276462812,0.0016514888862797505
2021-08-09 00:00:00-04:00,-0.00034218595270818497,-0.0008141780066797111
2021-08-10 00:00:00-04:00,-0.003359547445992206,0.001243036128904862
2021-08-11 00:00:00-04:00,0.00178404652410169,0.0024821086160953243
2021-08-12 00:00:00-04:00,0.020560685341988183,0.0029923841887056213
2021-08-13 00:00:00-04:00,0.0014091700215592695,0.001818191113924783
2021-08-16 00:00:00-04:00,0.013456869462847187,0.002351820928578441
2021-08-17 00:00:00-04:00,-0.0061726081569082325,-0.006576894545103684
2021-08-18 00:00:00-04:00,-0.0258321369611334,-0.011005203703619237
2021-08-19 00:00:00-04:00,0.0023202967636626326,0.0015470931650929387
2021-08-20 00:00:00-04:00,0.010105691141450102,0.007925813076385957
2021-08-23 00:00:00-04:00,0.010205030256290826,0.00875790176181912
2021-08-24 00:00:00-04:00,-0.0006016593896793765,0.0015861522575102427
2021-08-25 00:00:00-04:00,-0.008456718231971472,0.002096198315890696
2021-08-26 00:00:00-04:00,-0.005542746836090018,-0.00592069103508841
2021-08-27 00:00:00-04:00,0.00715888815741117,0.008901121096913656
2021-08-30 00:00:00-04:00,0.02996378838055147,0.004388028677424494
2021-08-31 00:00:00-04:00,-0.008460528665698241,-0.0014826160613372608
2021-09-01 00:00:00-04:00,0.004468703968909971,0.0005311880440164174
2021-09-02 00:00:00-04:00,0.007447224640804606,0.0030718516486007985
2021-09-03 00:00:00-04:00,0.004221648426875113,-0.00024276352779217802
2021-09-07 00:00:00-04:00,0.015370530231988866,-0.003581928904736742
2021-09-08 00:00:00-04:00,-0.010134924913776544,-0.0012187742216260844
2021-09-09 00:00:00-04:00,-0.006727315605668416,-0.00428948143479424
2021-09-10 00:00:00-04:00,-0.03366222185321277,-0.00791593361101306
2021-09-13 00:00:00-04:00,0.003885871408861874,0.0025560990976840614
2021-09-14 00:00:00-04:00,-0.009608097274160343,-0.005411505815151152
2021-09-15 00:00:00-04:00,0.006124877322674749,0.00831823299924217
2021-09-16 00:00:00-04:00,-0.0016116846556188946,-0.0015863252806180839
2021-09-17 00:00:00-04:00,-0.01851822137075576,-0.009789033424095983
2021-09-20 00:00:00-04:00,-0.021592705034384707,-0.016814923276977645
2021-09-21 00:00:00-04:00,0.0034222865743878117,-0.0009448438930990122
2021-09-22 00:00:00-04:00,0.016731469123657305,0.00970737096657981
2021-09-23 00:00:00-04:00,0.0066968132013354165,0.012076918744421405
2021-09-24 00:00:00-04:00,0.0006127687758707978,0.001646007922750492
2021-09-27 00:00:00-04:00,-0.010606435840146311,-0.002864996008007381
2021-09-28 00:00:00-04:00,-0.024088635266799052,-0.02035771056168123
2021-09-29 00:00:00-04:00,0.0064619286165426,0.0016815794204747547
2021-09-30 00:00:00-04:00,-0.00935515549082755,-0.012297585704744485
2021-10-01 00:00:00-04:00,0.008093786468217345,0.011813953650130493
2021-10-04 00:00:00-04:00,-0.024912907052549116,-0.01297975018684916
2021-10-05 00:00:00-04:00,0.014058971698700518,0.010351282008808305
2021-10-06 00:00:00-04:00,0.006287051839527713,0.004147443164802311
2021-10-07 00:00:00-04:00,0.009043789074958397,0.008608238328519313
2021-10-08 00:00:00-04:00,-0.0027257315189190834,-0.0018253807786248188
2021-10-11 00:00:00-04:00,-0.0006300124759865966,-0.00726591414192157
2021-10-12 00:00:00-04:00,-0.009144303411692256,-0.002464425078104071
2021-10-13 00:00:00-04:00,-0.004249200965913857,0.0035909699869431932
2021-10-14 00:00:00-04:00,0.02002358200576193,0.016680919714186615
2021-10-15 00:00:00-04:00,0.007484370656259287,0.007586803564754163
2021-10-18 00:00:00-04:00,0.011737039812909522,0.0029561447351049708
2021-10-19 00:00:00-04:00,0.014967662637046963,0.0076852973779253375
2021-10-20 00:00:00-04:00,0.0033555919383765342,0.003920006879477356
2021-10-21 00:00:00-04:00,0.0014728714670138032,0.0026050422130241557
2021-10-22 00:00:00-04:00,-0.005298864142470272,-0.0010368353861212043
2021-10-25 00:00:00-04:00,-0.0003361059828304036,0.0053484493265543165
2021-10-26 00:00:00-04:00,0.0045641775066807,0.0008996148160251849
2021-10-27 00:00:00-04:00,-0.0031528494710535426,-0.004440294073348561
2021-10-28 00:00:00-04:00,0.02468457115096001,0.009602847212333288
2021-10-29 00:00:00-04:00,-0.01832246418835659,0.0020270649424158904
2021-11-01 00:00:00-04:00,-0.005623318997173499,0.0017188571037980438
2021-11-02 00:00:00-04:00,0.007091093476831567,0.004034705603162436
2021-11-03 00:00:00-04:00,0.009750868801767787,0.006086730567041343
2021-11-04 00:00:00-04:00,-0.0035047542527593123,0.004701531944261816
2021-11-05 00:00:00-04:00,0.0035760066993821837,0.0034634032178741947
2021-11-08 00:00:00-05:00,-0.0055680089576597425,0.000853533870699863
2021-11-09 00:00:00-05:00,0.002456367036441698,-0.003310917714199668
2021-11-10 00:00:00-05:00,-0.019349285040082265,-0.008077338482889829
2021-11-11 00:00:00-05:00,-0.00033810295414404834,0.0003235155733154471
2021-11-12 00:00:00-05:00,0.014235088944749563,0.0075184163233563694
2021-11-15 00:00:00-05:00,6.67571863814942e-05,0.000342435574079758
2021-11-16 00:00:00-05:00,0.0066445199591793624,0.003950168394644571
2021-11-17 00:00:00-05:00,0.016355490506942516,-0.002432245258424892
2021-11-18 00:00:00-05:00,0.02813623081049421,0.0033904351335936056
2021-11-19 00:00:00-05:00,0.01683402420229463,-0.0017897068572576558
2021-11-22 00:00:00-05:00,0.0029227569901548733,-0.0028190729401273984
2021-11-23 00:00:00-05:00,0.0024194281057630107,0.001324921812242863
2021-11-24 00:00:00-05:00,0.003278177940687854,0.0026662211454535623
2021-11-26 00:00:00-05:00,-0.032191105791993024,-0.022555488612209018
2021-11-29 00:00:00-05:00,0.021637693914221323,0.012191995967263836
2021-11-30 00:00:00-05:00,0.03108912874573555,-0.019649258341321918
2021-12-01 00:00:00-05:00,-0.003211248005424494,-0.011169430503978894
2021-12-02 00:00:00-05:00,-0.006148586263800659,0.015200327365107569
2021-12-03 00:00:00-05:00,-0.01179382516499139,-0.00873965415023914
2021-12-06 00:00:00-05:00,0.02127508798790778,0.011773713219357163
2021-12-07 00:00:00-05:00,0.0348324423477111,0.020473981900623883
2021-12-08 00:00:00-05:00,0.022527259467204352,0.002644358137846581
2021-12-09 00:00:00-05:00,-0.002974409131041078,-0.006774514308082402
2021-12-10 00:00:00-05:00,0.027627975788899306,0.009369515313792931
2021-12-13 00:00:00-05:00,-0.02089077424274155,-0.00889775931390524
2021-12-14 00:00:00-05:00,-0.008055713838713174,-0.006903818395092465
2021-12-15 00:00:00-05:00,0.028110711138468858,0.01550415519683046
2021-12-16 00:00:00-05:00,-0.04005575918010429,-0.0088575735757912
2021-12-17 00:00:00-05:00,-0.006522842646771387,-0.010700003239763056
2021-12-20 00:00:00-05:00,-0.008155338077807883,-0.010690332438284322
2021-12-21 00:00:00-05:00,0.018907178026167593,0.017603183502558295
2021-12-22 00:00:00-05:00,0.015202537653023818,0.0099490250138361
2021-12-23 00:00:00-05:00,0.003637217650278579,0.006202915331327219
2021-12-27 00:00:00-05:00,0.02271481217165494,0.014052845277456427
2021-12-28 00:00:00-05:00,-0.005783827714998857,-0.0008174650799244176
2021-12-29 00:00:00-05:00,0.0005016477434471867,0.0012784561250569482
2021-12-30 00:00:00-05:00,-0.006600038680546483,-0.002768390091486772
2021-12-31 00:00:00-05:00,-0.0035411273300347546,-0.0025234482529707947
2022-01-03 00:00:00-05:00,0.02469642329587529,0.005773257061886916
2022-01-04 00:00:00-05:00,-0.012772738569303499,-0.00033497879329758007
2022-01-05 00:00:00-05:00,-0.026960091884514092,-0.019388949858646143
2022-01-06 00:00:00-05:00,-0.016834211496128404,-0.000939704428072119
2022-01-07 00:00:00-05:00,0.0009879214861774344,-0.003961523683816637
2022-01-10 00:00:00-05:00,0.00011612989868048373,-0.0012451293466737567
2022-01-11 00:00:00-05:00,0.01664431794003196,0.009067140179492839
2022-01-12 00:00:00-05:00,0.0025671481953661868,0.0026998702458547186
2022-01-13 00:00:00-05:00,-0.019211466135398148,-0.013874489678102897
2022-01-14 00:00:00-05:00,0.005097673710001693,0.0004089956909325565
2022-01-18 00:00:00-05:00,-0.01907488449240624,-0.01786837487657067
2022-01-19 00:00:00-05:00,-0.02124905946226363,-0.01043766068367269
2022-01-20 00:00:00-05:00,-0.010400997961095726,-0.011129833568589653
2022-01-21 00:00:00-05:00,-0.012847266177422156,-0.019825834698973033
2022-01-24 00:00:00-05:00,-0.004876002840251026,0.004237659574632069
2022-01-25 00:00:00-05:00,-0.01145022665722717,-0.012284049575133515
2022-01-26 00:00:00-05:00,-0.0005633971283556249,-0.0025121116264275045
2022-01-27 00:00:00-05:00,-0.0029473313472960783,-0.004950195218036413
2022-01-28 00:00:00-05:00,0.06745073356304765,0.024532115060674542
2022-01-31 00:00:00-05:00,0.02579042291166811,0.01785080788619009
2022-02-01 00:00:00-05:00,-0.0009731615043246933,0.0067341531369056185
2022-02-02 00:00:00-05:00,0.00701933315569736,0.00966729165161162
2022-02-03 00:00:00-05:00,-0.016861033945103188,-0.023785737558974063
2022-02-04 00:00:00-05:00,-0.0016809035893947666,0.004691226032709217
2022-02-07 00:00:00-05:00,-0.004243426827931884,-0.0032143498021453
2022-02-08 00:00:00-05:00,0.018298406732774275,0.008194146834078708
2022-02-09 00:00:00-05:00,0.008259449000774133,0.01452998789706772
2022-02-10 00:00:00-05:00,-0.023881680131204064,-0.01812903142799982
2022-02-11 00:00:00-05:00,-0.020425848111308653,-0.01991570588433511
2022-02-14 00:00:00-05:00,0.0014223023529167378,-0.0032745817482471296
2022-02-15 00:00:00-05:00,0.02288827543206473,0.01599818481834614
2022-02-16 00:00:00-05:00,-0.0013895531510375037,0.0011201232805255756
2022-02-17 00:00:00-05:00,-0.021498722281027227,-0.021592808139230257
2022-02-18 00:00:00-05:00,-0.00939980476888369,-0.006496013503031861
2022-02-22 00:00:00-05:00,-0.01797282560506286,-0.010789917945674965
2022-02-23 00:00:00-05:00,-0.02620440069621921,-0.017897570821027387
2022-02-24 00:00:00-05:00,0.016542672300642103,0.014936798634116677
2022-02-25 00:00:00-05:00,0.012882018877265367,0.021824107459251785
2022-02-28 00:00:00-05:00,0.0016365004640013225,-0.0025616771002736627
2022-03-01 00:00:00-05:00,-0.011696153145525301,-0.0153475297285528
2022-03-02 00:00:00-05:00,0.0203792419547959,0.01822908517407207
2022-03-03 00:00:00-05:00,-0.001983239320424879,-0.004990939032602171
2022-03-04 00:00:00-05:00,-0.018579661095162514,-0.00815782474711746
2022-03-07 00:00:00-05:00,-0.024003723240777042,-0.029922371961603744
2022-03-08 00:00:00-05:00,-0.011744786075421842,-0.007610615070572813
2022-03-09 00:00:00-05:00,0.03439914898113283,0.02645773486308478
2022-03-10 00:00:00-05:00,-0.027562764903269255,-0.0045256568850957635
2022-03-11 00:00:00-05:00,-0.02419893089489822,-0.012796861585491648
2022-03-14 00:00:00-04:00,-0.026921787366549488,-0.007334960211594854
2022-03-15 00:00:00-04:00,0.029245533439566707,0.021751893425423496
2022-03-16 00:00:00-04:00,0.02860258590502962,0.02193214718266301
2022-03-17 00:00:00-04:00,0.006433040406298218,0.012433318575908459
2022-03-18 00:00:00-04:00,0.02070313277621416,0.010893319411271918
2022-03-21 00:00:00-04:00,0.00850190994182043,-0.00029259367916889545
2022-03-22 00:00:00-04:00,0.020587206430205285,0.011633597099752535
2022-03-23 00:00:00-04:00,0.008199769348704145,-0.012962038853189917
2022-03-24 00:00:00-04:00,0.022424586657851187,0.014961643507058753
2022-03-25 00:00:00-04:00,0.0037270049401749716,0.004871814118416751
2022-03-28 00:00:00-04:00,0.005024152180229002,0.00708788677520289
2022-03-29 00:00:00-04:00,0.01895379385477103,0.01229490493188834
2022-03-30 00:00:00-04:00,-0.006672072219032543,-0.006194109720586205
2022-03-31 00:00:00-04:00,-0.017935414515019232,-0.015510757464062941
2022-04-01 00:00:00-04:00,-0.001719857584214779,0.0028299205594519705
2022-04-04 00:00:00-04:00,0.023417029275138113,0.008530295342723093
2022-04-05 00:00:00-04:00,-0.019123542552436312,-0.01271190745583528
2022-04-06 00:00:00-04:00,-0.018623285703197823,-0.010049630561610456
2022-04-07 00:00:00-04:00,0.0018027554385202649,0.005026200057744568
2022-04-08 00:00:00-04:00,-0.011980537028490446,-0.002677312868824444
2022-04-11 00:00:00-04:00,-0.025847174560930775,-0.017240215855713004
2022-04-12 00:00:00-04:00,0.011457692678334297,-0.0037119275029047216
2022-04-13 00:00:00-04:00,0.016210387605640086,0.011388239677984302
2022-04-14 00:00:00-04:00,-0.03044715405069276,-0.012529916136713837
2022-04-18 00:00:00-04:00,-0.0013319477456485984,0.0004113663130986822
2022-04-19 00:00:00-04:00,0.014016581792813732,0.016013697808804572
2022-04-20 00:00:00-04:00,-0.0010160056247041638,-0.0007419136085129452
2022-04-21 00:00:00-04:00,-0.004855454627723077,-0.015066496631069626
2022-04-22 00:00:00-04:00,-0.028215415919251363,-0.02782261828151711
2022-04-25 00:00:00-04:00,0.00671439327524137,0.005780706729286322
2022-04-26 00:00:00-04:00,-0.03804259280086253,-0.029388287040851502
2022-04-27 00:00:00-04:00,-0.0014676887626112745,0.0028076805115286874
2022-04-28 00:00:00-04:00,0.04416577104184416,0.02494581458643541
2022-04-29 00:00:00-04:00,-0.03729173014051135,-0.03765599145958287
2022-05-02 00:00:00-04:00,0.00196474681935932,0.006001530539151645
2022-05-03 00:00:00-04:00,0.009576380748459457,0.004573515655188487
2022-05-04 00:00:00-04:00,0.04018965774812955,0.029998635011936337
2022-05-05 00:00:00-04:00,-0.057328292908369605,-0.036190048180789525
2022-05-06 00:00:00-04:00,0.00471595863887142,-0.005986752488362335
2022-05-09 00:00:00-04:00,-0.033752503383516874,-0.03254088056888005
2022-05-10 00:00:00-04:00,0.01598375897192561,0.0023076950476319524
2022-05-11 00:00:00-04:00,-0.05323344112474615,-0.01601348328654506
2022-05-12 00:00:00-04:00,-0.027262427766943986,-0.001044597536193237
2022-05-13 00:00:00-04:00,0.031417660768537914,0.023626521424746194
2022-05-16 00:00:00-04:00,-0.010729451187365235,-0.004065859481450218
2022-05-17 00:00:00-04:00,0.025104726004331113,0.020361742202338107
2022-05-18 00:00:00-04:00,-0.05807350262868205,-0.041146552617616905
2022-05-19 00:00:00-04:00,-0.024949773667581887,-0.006143404877830605
2022-05-20 00:00:00-04:00,0.001745515301228906,0.0004363460104626071
2022-05-23 00:00:00-04:00,0.03933553334693585,0.018537274554113026
2022-05-24 00:00:00-04:00,-0.019403332647561555,-0.007663205480877622
2022-05-25 00:00:00-04:00,0.0011393265695547328,0.008796250627831625
2022-05-26 00:00:00-04:00,0.02293447556097039,0.019784376684683913
2022-05-27 00:00:00-04:00,0.039948066959034634,0.024252558240540623
2022-05-31 00:00:00-04:00,-0.005360322772672177,-0.005626756853865267
2022-06-01 00:00:00-04:00,-0.0008738212673842227,-0.008121433932008593
2022-06-02 00:00:00-04:00,0.01667176916871682,0.01886445462835251
2022-06-03 00:00:00-04:00,-0.039318773701260135,-0.0165477815289794
2022-06-06 00:00:00-04:00,0.00521404891742705,0.003040240616039469
2022-06-07 00:00:00-04:00,0.017432955615116263,0.009546484313480263
2022-06-08 00:00:00-04:00,-0.005056111455145285,-0.010931654992286433
2022-06-09 00:00:00-04:00,-0.03661800920562985,-0.024070421501309447
2022-06-10 00:00:00-04:00,-0.03939491854945931,-0.029424312628618665
2022-06-13 00:00:00-04:00,-0.03903668241607594,-0.03870752924523568
2022-06-14 00:00:00-04:00,0.0066503301174209994,-0.0030179308969575658
2022-06-15 00:00:00-04:00,0.019912284547575432,0.014155772443871228
2022-06-16 00:00:00-04:00,-0.040459267536777865,-0.03365647658439297
2022-06-17 00:00:00-04:00,0.011467031336857225,0.002153559796179927
2022-06-21 00:00:00-04:00,0.032235763808531104,0.024861958698370046
2022-06-22 00:00:00-04:00,-0.003834496502944873,-0.0018145746616928804
2022-06-23 00:00:00-04:00,0.021344440204432047,0.009754843331810648
2022-06-24 00:00:00-04:00,0.02422148605685237,0.03129874706235469
2022-06-27 00:00:00-04:00,0.0,-0.0038268355099360107
2022-06-28 00:00:00-04:00,-0.030242266936934215,-0.020644513304358902
2022-06-29 00:00:00-04:00,0.012939467666127413,-0.0008148095074300699
2022-06-30 00:00:00-04:00,-0.018192172686045005,-0.008157511013249241
2022-07-01 00:00:00-04:00,0.016035059517117922,0.010521165271250688
2022-07-05 00:00:00-04:00,0.01875353802786961,0.0018866056549660115
2022-07-06 00:00:00-04:00,0.009561521175781351,0.0033716077605907557
2022-07-07 00:00:00-04:00,0.023716089758947234,0.014866158518351824
2022-07-08 00:00:00-04:00,0.004703352798119731,-0.0008227620635556931
2022-07-11 00:00:00-04:00,-0.014867833224130322,-0.011489346801764277
2022-07-12 00:00:00-04:00,0.006810465353166428,-0.00888834892402457
2022-07-13 00:00:00-04:00,-0.002539939407513181,-0.005265454557203064
2022-07-14 00:00:00-04:00,0.020275456552023563,-0.0024316107955337785
2022-07-15 00:00:00-04:00,0.011385318265612732,0.01892491534160179
2022-07-18 00:00:00-04:00,-0.020859327521704607,-0.008291119228507782
2022-07-19 00:00:00-04:00,0.026371128224425,0.026660432551491198
2022-07-20 00:00:00-04:00,0.013419535964652951,0.006353139584465595
2022-07-21 00:00:00-04:00,0.01498150177268709,0.010131733655931008
2022-07-22 00:00:00-04:00,-0.00814402991656582,-0.00932159826244483
2022-07-25 00:00:00-04:00,-0.007425809350311674,0.0012141365932798465
2022-07-26 00:00:00-04:00,-0.008865517706275305,-0.011901455014454498
2022-07-27 00:00:00-04:00,0.03366175484251688,0.025634950286241853
2022-07-28 00:00:00-04:00,0.0035653992474387053,0.012464391000743369
2022-07-29 00:00:00-04:00,0.0322669816841028,0.014473472224370454
2022-08-01 00:00:00-04:00,-0.006172675396502569,-0.002965557313821421
2022-08-02 00:00:00-04:00,-0.009330512079120723,-0.0066191896301797115
2022-08-03 00:00:00-04:00,0.03753433340282264,0.015537925513291917
2022-08-04 00:00:00-04:00,-0.0019282377547558127,-0.0006757295178934086
2022-08-05 00:00:00-04:00,-0.0013896999639895213,-0.0016916356235530117
2022-08-08 00:00:00-04:00,-0.0029076772369718284,-0.001161387607992559
2022-08-09 00:00:00-04:00,0.00030341145656365143,-0.003978967155416235
2022-08-10 00:00:00-04:00,0.02585740239965073,0.02078626346705459
2022-08-11 00:00:00-04:00,-0.004441509231297047,0.0
2022-08-12 00:00:00-04:00,0.02119946482424684,0.01678745358985001
2022-08-15 00:00:00-04:00,0.006313344959768763,0.00411241526531736
2022-08-16 00:00:00-04:00,-0.0009242842925925032,0.0019567958869224356
2022-08-17 00:00:00-04:00,0.00874653214765253,-0.007123486754125885
2022-08-18 00:00:00-04:00,-0.0022944108964360055,0.0029022870045691818
2022-08-19 00:00:00-04:00,-0.015217236655042932,-0.013529204315688048
2022-08-22 00:00:00-04:00,-0.023298756968737067,-0.021042253554049317
2022-08-23 00:00:00-04:00,-0.0020309491028633886,-0.0024223117699042618
2022-08-24 00:00:00-04:00,0.0017923262139145635,0.0031962014870510203
2022-08-25 00:00:00-04:00,0.014812335473265215,0.014018908900520266
2022-08-26 00:00:00-04:00,-0.03842808683434118,-0.03443521895892143
2022-08-29 00:00:00-04:00,-0.013784597303823531,-0.006634211415350144
2022-08-30 00:00:00-04:00,-0.015424130181261653,-0.011038482825718177
2022-08-31 00:00:00-04:00,-0.010691769018955632,-0.007638219542647207
2022-09-01 00:00:00-04:00,0.004695611339772476,0.0031328848938860787
2022-09-02 00:00:00-04:00,-0.013704496814388456,-0.010600543885074032
2022-09-06 00:00:00-04:00,-0.008249009489640358,-0.003779933461029117
2022-09-07 00:00:00-04:00,0.00921125572306103,0.01780534868594774
2022-09-08 00:00:00-04:00,-0.00966438431178851,0.0065149516800158125
2022-09-09 00:00:00-04:00,0.01866474292035658,0.015415723723756436
2022-09-12 00:00:00-04:00,0.0377848962279792,0.01069036567166659
2022-09-13 00:00:00-04:00,-0.06047163335289785,-0.04445630614456775
2022-09-14 00:00:00-04:00,0.00950984099749519,0.003808714414165415
2022-09-15 00:00:00-04:00,-0.019111294370466325,-0.011418196459872298
2022-09-16 00:00:00-04:00,-0.011020587354784617,-0.007658184121448031
2022-09-19 00:00:00-04:00,0.024773549969184572,0.007725026360421161
2022-09-20 00:00:00-04:00,0.015543736486780091,-0.011544961698779055
2022-09-21 00:00:00-04:00,-0.020475721591008522,-0.017597646786581045
2022-09-22 00:00:00-04:00,-0.006395584846473845,-0.008435260067003014
2022-09-23 00:00:00-04:00,-0.015239264157873578,-0.01689696268296892
2022-09-26 00:00:00-04:00,0.0022577157562109207,-0.009941817467871594
2022-09-27 00:00:00-04:00,0.006544899131770698,-0.0025561421770126103
2022-09-28 00:00:00-04:00,-0.01273249276107169,0.019485430103971524
2022-09-29 00:00:00-04:00,-0.05036635625406216,-0.021110260262729774
2022-09-30 00:00:00-04:00,-0.030499855005917453,-0.015584353907450499
2022-10-03 00:00:00-04:00,0.03028943022061803,0.02605863375813211
2022-10-04 00:00:00-04:00,0.025300211430418607,0.030516540838584127
2022-10-05 00:00:00-04:00,0.0020513853242123403,-0.0023311679950301922
2022-10-06 00:00:00-04:00,-0.006647867340417335,-0.010369394310487223
2022-10-07 00:00:00-04:00,-0.03740970808373856,-0.028290258383748323
2022-10-10 00:00:00-04:00,0.0023528096813105748,-0.007664696048545139
2022-10-11 00:00:00-04:00,-0.010308188299086751,-0.0063529454215407455
2022-10-12 00:00:00-04:00,-0.004615585180152593,-0.00330402322914658
2022-10-13 00:00:00-04:00,0.03306065929474755,0.026048779331109273
2022-10-14 00:00:00-04:00,-0.032771131642749474,-0.023052397579802708
2022-10-17 00:00:00-04:00,0.028706378991805614,0.025372328918263243
2022-10-18 00:00:00-04:00,0.009365421323416001,0.01168108495316833
2022-10-19 00:00:00-04:00,0.0007652695660542719,-0.007111772099762881
2022-10-20 00:00:00-04:00,-0.003272559152317278,-0.0084207850827136
2022-10-21 00:00:00-04:00,0.02669946137130008,0.024011111527856954
2022-10-24 00:00:00-04:00,0.014694183542747652,0.012162267094000256
2022-10-25 00:00:00-04:00,0.019153024339742863,0.015842253972962794
2022-10-26 00:00:00-04:00,-0.01982236722269981,-0.007562294446018747
2022-10-27 00:00:00-04:00,-0.03093911650481651,-0.005354377374366948
2022-10-28 00:00:00-04:00,0.07283452924838052,0.023511829716873045
2022-10-31 00:00:00-04:00,-0.015530244189004172,-0.007249483797245659
2022-11-01 00:00:00-04:00,-0.017698256390504596,-0.0043853410028047435
2022-11-02 00:00:00-04:00,-0.03801893668118961,-0.02541667775446843
2022-11-03 00:00:00-04:00,-0.04333029255886611,-0.010350233825314525
2022-11-04 00:00:00-04:00,-0.0019492007656012333,0.014290774675167484
2022-11-07 00:00:00-05:00,0.003894497738507141,0.009520149544890444
2022-11-08 00:00:00-05:00,0.004166450723366744,0.005380986733229065
2022-11-09 00:00:00-05:00,-0.03375306564747227,-0.020817400194196978
2022-11-10 00:00:00-05:00,0.08523659572582698,0.05349738604091314
2022-11-11 00:00:00-05:00,0.019085187975185214,0.009632022302108467
2022-11-14 00:00:00-05:00,-0.00953079048923211,-0.008543094065306178
2022-11-15 00:00:00-05:00,0.01179937338498327,0.00849288818901961
2022-11-16 00:00:00-05:00,-0.008365861036670807,-0.00765824010815308
2022-11-17 00:00:00-05:00,0.012887954694247306,-0.003064357384986671
2022-11-18 00:00:00-05:00,0.0037746679736549993,0.004529915597385248
2022-11-21 00:00:00-05:00,-0.021918629970831383,-0.0036427005318078187
2022-11-22 00:00:00-05:00,0.014554399575399835,0.01336737290838741
2022-11-23 00:00:00-05:00,0.005909019872047949,0.006281857890254372
2022-11-25 00:00:00-05:00,-0.01978798348682531,-0.00022375072605118618
2022-11-28 00:00:00-05:00,-0.02661549426910348,-0.016085615660013097
2022-11-29 00:00:00-05:00,-0.0213749014644371,-0.0017192389834068678
2022-11-30 00:00:00-05:00,0.04744999953194462,0.031014742511365156
2022-12-01 00:00:00-05:00,0.0018897962996025086,-0.0007360867473344967
2022-12-02 00:00:00-05:00,-0.003377078163727454,-0.0011543140555696496
2022-12-05 00:00:00-05:00,-0.008015220011544422,-0.0181532816540102
2022-12-06 00:00:00-05:00,-0.02569716007671019,-0.01451953971869635
2022-12-07 00:00:00-05:00,-0.01388113311466821,-0.0017026383185996252
2022-12-08 00:00:00-05:00,0.012059883387442127,0.007803421220237361
2022-12-09 00:00:00-05:00,-0.003440838701199489,-0.007498385648124106
2022-12-12 00:00:00-05:00,0.016256996634258947,0.014314455119960101
2022-12-13 00:00:00-05:00,0.006759791800581283,0.007541376867814975
2022-12-14 00:00:00-05:00,-0.015657788525478722,-0.006414216791966076
2022-12-15 00:00:00-05:00,-0.047987456501997094,-0.024765797653889976
2022-12-16 00:00:00-05:00,-0.014686225750309312,-0.011876362644265726
2022-12-19 00:00:00-05:00,-0.016037557033451222,-0.008515755094521182
2022-12-20 00:00:00-05:00,-0.0005288347684810901,0.0013673497655615208
2022-12-21 00:00:00-05:00,0.023530352716002234,0.014841799360891805
2022-12-22 00:00:00-05:00,-0.024059702209751954,-0.014368882558937202
2022-12-23 00:00:00-05:00,-0.0028020657134533167,0.005735895190626117
2022-12-27 00:00:00-05:00,-0.013975531879926173,-0.003951392049822644
2022-12-28 00:00:00-05:00,-0.031165923737103363,-0.01250578731521923
2022-12-29 00:00:00-05:00,0.027930364512346095,0.017840352453850628
2022-12-30 00:00:00-05:00,0.0024660516172634317,-0.0026375616317810824
2023-01-03 00:00:00-05:00,-0.03812219715820486,-0.00421889963410127
2023-01-04 00:00:00-05:00,0.010261469874957463,0.007690637337876005
2023-01-05 00:00:00-05:00,-0.010661221955745148,-0.011478999493407471
2023-01-06 00:00:00-05:00,0.03613348446368647,0.022673124789145405
2023-01-09 00:00:00-05:00,0.004080600565424142,-0.000567128899311875
2023-01-10 00:00:00-05:00,0.004446279982524004,0.006988390682805878
2023-01-11 00:00:00-05:00,0.020892509444223606,0.012568441195123903
2023-01-12 00:00:00-05:00,-0.0005994824798909448,0.0036341319390125193
2023-01-13 00:00:00-05:00,0.010068312752245845,0.0038722478614152678
2023-01-17 00:00:00-05:00,0.00871815210906135,-0.0018335868239214292
2023-01-18 00:00:00-05:00,-0.00538444941931715,-0.015913939808037902
2023-01-19 00:00:00-05:00,0.0004438618487716539,-0.007306516973978994
2023-01-20 00:00:00-05:00,0.019038366250229366,0.01845755661894266
2023-01-23 00:00:00-05:00,0.023228286042386692,0.011927243654670683
2023-01-24 00:00:00-05:00,0.010012539120387132,-0.0010739767188514548
2023-01-25 00:00:00-05:00,-0.0047113985422306826,0.00037499467708546064
2023-01-26 00:00:00-05:00,0.014694807526886677,0.010930281066251268
2023-01-27 00:00:00-05:00,0.01359115597824001,0.0022950017839251657
2023-01-30 00:00:00-05:00,-0.020282304006384422,-0.012626284823001654
2023-01-31 00:00:00-05:00,0.008980545190571121,0.014596435800252827
2023-02-01 00:00:00-05:00,0.007869934503625053,0.010571730019369951
2023-02-02 00:00:00-05:00,0.03639214180055372,0.014452120177989691
2023-02-03 00:00:00-05:00,0.024107101519999397,-0.010686169838001192
2023-02-06 00:00:00-05:00,-0.018091542479443667,-0.006130201430119442
2023-02-07 00:00:00-05:00,0.01906194400518757,0.012994056650711627
2023-02-08 00:00:00-05:00,-0.017810654523926495,-0.01099502620880699
2023-02-09 00:00:00-05:00,-0.006935623054068252,-0.008707154377689541
2023-02-10 00:00:00-05:00,0.0024533331984333273,0.0023309473470778386
2023-02-13 00:00:00-05:00,0.018632189700174884,0.011670801451955093
2023-02-14 00:00:00-05:00,-0.0042340178610054124,-0.0004601794641896362
2023-02-15 00:00:00-05:00,0.01380771382080681,0.0032418743957665086
2023-02-16 00:00:00-05:00,-0.010484197664333728,-0.013864392830801542
2023-02-17 00:00:00-05:00,-0.0075753338674067194,-0.0025014208221154632
2023-02-21 00:00:00-05:00,-0.027042022703443358,-0.020264897986375985
2023-02-22 00:00:00-05:00,0.0028918719541257687,-0.0013790274329634755
2023-02-23 00:00:00-05:00,0.003285105673231925,0.005305290781793204
2023-02-24 00:00:00-05:00,-0.01816955101867368,-0.01073976272894317
2023-02-27 00:00:00-05:00,0.008213957576672648,0.003399914075350452
2023-02-28 00:00:00-05:00,-0.003453832207571672,-0.003702790847286863
2023-03-01 00:00:00-05:00,-0.014348469695847577,-0.003843160650093047
2023-03-02 00:00:00-05:00,0.0041205985861587635,0.007746946096356844
2023-03-03 00:00:00-05:00,0.03448855388193195,0.015910826908996256
2023-03-06 00:00:00-05:00,0.01836978981513937,0.000692422680494964
2023-03-07 00:00:00-05:00,-0.014602858478720115,-0.015447492578395838
2023-03-08 00:00:00-05:00,0.008342310636071382,0.001630732234583654
2023-03-09 00:00:00-05:00,-0.015027087659976957,-0.018622035069533638
2023-03-10 00:00:00-05:00,-0.013975773072203879,-0.014534650798578852
2023-03-13 00:00:00-04:00,0.013178713896964567,-0.0014261590329862628
2023-03-14 00:00:00-04:00,0.013991131597601125,0.01639491877234356
2023-03-15 00:00:00-04:00,0.00261786989575441,-0.006274031606520403
2023-03-16 00:00:00-04:00,0.018521420021889945,0.01739330046922838
2023-03-17 00:00:00-04:00,-0.005468959555725128,-0.011761820312768734
2023-03-20 00:00:00-04:00,0.015365108337269895,0.009569751500896118
2023-03-21 00:00:00-04:00,0.01187362718388485,0.01304496374368913
2023-03-22 00:00:00-04:00,-0.00914521991236672,-0.017193468941308687
2023-03-23 00:00:00-04:00,0.006945294084367504,0.002699843788151135
2023-03-24 00:00:00-04:00,0.008271215544559674,0.006540474787524175
2023-03-27 00:00:00-04:00,-0.01236962060588187,0.0018682543000432261
2023-03-28 00:00:00-04:00,-0.003987976872735999,-0.0022472912702475867
2023-03-29 00:00:00-04:00,0.01959725182248029,0.014430349114680219
2023-03-30 00:00:00-04:00,0.00984120187957771,0.005838102527543576
2023-03-31 00:00:00-04:00,0.01552332419538427,0.013996309841415311
2023-04-03 00:00:00-04:00,0.007671942339847249,0.003803163532266396
2023-04-04 00:00:00-04:00,-0.0032547019330930738,-0.0055635576024100075
2023-04-05 00:00:00-04:00,-0.011354531869613993,-0.002621648619348882
2023-04-06 00:00:00-04:00,0.005480842741242498,0.003893419862017744
2023-04-10 00:00:00-04:00,-0.016101457946682274,0.0010256770788625857
2023-04-11 00:00:00-04:00,-0.007619895153282208,0.0002686130066056336
2023-04-12 00:00:00-04:00,-0.004362974678466358,-0.004084320079227766
2023-04-13 00:00:00-04:00,0.033535294553610484,0.013195257150234063
2023-04-14 00:00:00-04:00,-0.002116390205801899,-0.0024457804599524735
2023-04-17 00:00:00-04:00,0.00012117262641719861,0.003581751872724581
2023-04-18 00:00:00-04:00,0.007476532620827037,0.000652133398784116
2023-04-19 00:00:00-04:00,0.006943902787172718,-0.00016888577496843027
2023-04-20 00:00:00-04:00,-0.005863332920293729,-0.0054721048885078005
2023-04-21 00:00:00-04:00,-0.009829067268830372,0.0007766559761774872
2023-04-24 00:00:00-04:00,0.001876763595591413,0.0010426175051252429
2023-04-25 00:00:00-04:00,-0.009480408184072253,-0.016001326888538614
2023-04-26 00:00:00-04:00,-6.098256743225505e-05,-0.004244448081668573
2023-04-27 00:00:00-04:00,0.027999493516547957,0.019712421194418184
2023-04-28 00:00:00-04:00,0.0075128260518937395,0.0084988705728124
2023-05-01 00:00:00-04:00,-0.0005305824592367614,-0.0010100842160909451
2023-05-02 00:00:00-04:00,-0.006210712977446242,-0.011302992555617841
2023-05-03 00:00:00-04:00,-0.006488153446863265,-0.006887564705114535
2023-05-04 00:00:00-04:00,-0.009963040667932077,-0.0071082092935697005
2023-05-05 00:00:00-04:00,0.045859167954307445,0.018343333973369624
2023-05-08 00:00:00-04:00,-0.00040338097064296363,0.000266570250967213
2023-05-09 00:00:00-04:00,-0.010021213672033902,-0.004395064775317259
2023-05-10 00:00:00-04:00,0.010367144685437424,0.004661409960250218
2023-05-11 00:00:00-04:00,0.0010939305099348928,-0.0017453965984648434
2023-05-12 00:00:00-04:00,-0.005432212069681697,-0.001311126815683572
2023-05-15 00:00:00-04:00,-0.002901569067939924,0.003444052945217102
2023-05-16 00:00:00-04:00,0.0,-0.006704997602144935
2023-05-17 00:00:00-04:00,0.003596526082719542,0.012065849810155349
2023-05-18 00:00:00-04:00,0.013573725879768794,0.009587015569255009
2023-05-19 00:00:00-04:00,0.0006280912829632612,-0.0014561380343680597
2023-05-22 00:00:00-04:00,-0.0054956640321792705,0.00040610426593978843
2023-05-23 00:00:00-04:00,-0.015271182607381917,-0.011286295169559146
2023-05-24 00:00:00-04:00,0.0016307707924312353,-0.00727121584348378
2023-05-25 00:00:00-04:00,0.006670033540316922,0.008622587308853014
2023-05-26 00:00:00-04:00,0.014006387482186078,0.01286767209502937
2023-05-30 00:00:00-04:00,0.010603035814968464,0.0003809153798997045
2023-05-31 00:00:00-04:00,-0.00028198543087398775,-0.005560770584172481
2023-06-01 00:00:00-04:00,0.015895571440067258,0.009456188430955415
2023-06-02 00:00:00-04:00,0.004763865193656791,0.014357573726798911
2023-06-05 00:00:00-04:00,-0.007600070085922006,-0.0019181968648904757
2023-06-06 00:00:00-04:00,-0.0020621889698615448,0.002175094966609059
2023-06-07 00:00:00-04:00,-0.00778656843568637,-0.003463716973230113
2023-06-08 00:00:00-04:00,0.01534660987143699,0.006030408328580705
2023-06-09 00:00:00-04:00,0.0021575875986927784,0.0017927278018516901
2023-06-12 00:00:00-04:00,0.015517862994924414,0.009031042608913076
2023-06-13 00:00:00-04:00,-0.0026152075083336612,0.006571174815332093
2023-06-14 00:00:00-04:00,0.00348522926827588,0.0011901535007137198
2023-06-15 00:00:00-04:00,0.011136459104879926,0.012321573804067398
2023-06-16 00:00:00-04:00,-0.005877059106739857,-0.0034122116249175605
2023-06-20 00:00:00-04:00,0.0004865214362350656,-0.005201654145490231
2023-06-21 00:00:00-04:00,-0.005691454449163302,-0.005136790611842024
2023-06-22 00:00:00-04:00,0.016390214598487773,0.0036031375091996054
2023-06-23 00:00:00-04:00,-0.0017127987437133285,-0.007588719689016976
2023-06-26 00:00:00-04:00,-0.007581476719695779,-0.004094110935498385
2023-06-27 00:00:00-04:00,0.014946661753674206,0.0109035011459655
2023-06-28 00:00:00-04:00,0.0063078847968487395,0.0005044737298183222
2023-06-29 00:00:00-04:00,0.0017950969671467476,0.003933531261169243
2023-06-30 00:00:00-04:00,0.022839483538156458,0.011731683201133158
2023-07-03 00:00:00-04:00,-0.00781507888080224,0.001149852288555131
2023-07-05 00:00:00-04:00,-0.005888581057603481,-0.0014883463733585955
2023-07-06 00:00:00-04:00,0.002505561013985691,-0.007861537368550664
2023-07-07 00:00:00-04:00,-0.005908838693713392,-0.002527856464886291
2023-07-10 00:00:00-04:00,-0.010915101672027916,0.002527856464886291
2023-07-11 00:00:00-04:00,-0.0028139578749497574,0.0063484210046969025
2023-07-12 00:00:00-04:00,0.008945287311687977,0.008013773294870852
2023-07-13 00:00:00-04:00,0.0040491576128980356,0.007905531818312106
2023-07-14 00:00:00-04:00,0.0007873216843092834,-0.0006231506694254207
2023-07-17 00:00:00-04:00,0.01715753474971482,0.003466131859117816
2023-07-18 00:00:00-04:00,-0.0013413096029761817,0.0074033162825397625
2023-07-19 00:00:00-04:00,0.007046753435814956,0.002221177286751974
2023-07-20 00:00:00-04:00,-0.010148609261012353,-0.0066564606351882105
2023-07-21 00:00:00-04:00,-0.006180604521129673,0.0
2023-07-24 00:00:00-04:00,0.004211096969147121,0.004457391931920185
2023-07-25 00:00:00-04:00,0.0045033349649648,0.002726207070439024
2023-07-26 00:00:00-04:00,0.004534900020217947,0.0001536297179782764
2023-07-27 00:00:00-04:00,-0.0066028833324756064,-0.006651915571387335
2023-07-28 00:00:00-04:00,0.013417437794127629,0.009742650109227924
2023-07-31 00:00:00-04:00,0.0031610864899560553,0.0019023312092265598
2023-08-01 00:00:00-04:00,-0.004284956645705051,-0.0028658198127784473
2023-08-02 00:00:00-04:00,-0.01561139066994599,-0.01400839456381231
2023-08-03 00:00:00-04:00,-0.007348511805727931,-0.0028699845833211057
2023-08-04 00:00:00-04:00,-0.04921129321860107,-0.004533003584633377
2023-08-07 00:00:00-04:00,-0.01740434847672212,0.008690477536874575
2023-08-08 00:00:00-04:00,0.005297696447513545,-0.004357927783208204
2023-08-09 00:00:00-04:00,-0.00899459136010261,-0.006707758003577702
2023-08-10 00:00:00-04:00,-0.0012354576927604555,0.0003588113336761012
2023-08-11 00:00:00-04:00,0.00033738699748031564,-0.000583258204214232
2023-08-14 00:00:00-04:00,0.009349383102917663,0.005504715707503216
2023-08-15 00:00:00-04:00,-0.011263592063434302,-0.01171706991702326
2023-08-16 00:00:00-04:00,-0.0049712995137696225,-0.007365214646971374
2023-08-17 00:00:00-04:00,-0.014662104632226836,-0.007649125293441195
2023-08-18 00:00:00-04:00,0.0028120355965404187,0.0004813304178661326
2023-08-21 00:00:00-04:00,0.007706885361940863,0.0064850840952681565
2023-08-22 00:00:00-04:00,0.007874060569739605,-0.00271230597022587
2023-08-23 00:00:00-04:00,0.021711296311280215,0.011076314871344195
2023-08-24 00:00:00-04:00,-0.026518841441431462,-0.013956077149607005
2023-08-25 00:00:00-04:00,0.012563896064188285,0.007025064544484039
2023-08-28 00:00:00-04:00,0.008807097869623526,0.006321354003628876
2023-08-29 00:00:00-04:00,0.02157591257131486,0.014351214775569332
2023-08-30 00:00:00-04:00,0.01899081362374222,0.004110411381471835
2023-08-31 00:00:00-04:00,0.0011717483022728459,-0.001464502769139564
2023-09-01 00:00:00-04:00,0.008427546683913434,0.0018635023682707086
2023-09-05 00:00:00-04:00,0.0012661402223788087,-0.0043312102217800685
2023-09-06 00:00:00-04:00,-0.03644970931698044,-0.006745281834012573
2023-09-07 00:00:00-04:00,-0.029685669283488814,-0.0030748831047278102
2023-09-08 00:00:00-04:00,0.0034855131623539037,0.0015049220184915058
2023-09-11 00:00:00-04:00,0.006600813653116155,0.006555115081732232
2023-09-12 00:00:00-04:00,-0.01720777995932199,-0.005500742755693011
2023-09-13 00:00:00-04:00,-0.011925671523925985,0.0011652879290560136
2023-09-14 00:00:00-04:00,0.008744336546175902,0.008585517278459243
2023-09-15 00:00:00-04:00,-0.004162703505964593,-0.012121415429568572
2023-09-18 00:00:00-04:00,0.016771891534483885,0.0005861888498737144
2023-09-19 00:00:00-04:00,0.006161829201031033,-0.0020759108187364816
2023-09-20 00:00:00-04:00,-0.02019473015465234,-0.009235997662944584
2023-09-21 00:00:00-04:00,-0.008929065049577467,-0.016666332859825772
2023-09-22 00:00:00-04:00,0.004932081590363069,-0.0022511797135793543
2023-09-25 00:00:00-04:00,0.007353424800393249,0.004196392593756926
2023-09-26 00:00:00-04:00,-0.023676528081265857,-0.014800237962131924
2023-09-27 00:00:00-04:00,-0.008937324600041485,0.00039912347502557566
2023-09-28 00:00:00-04:00,0.0015243926124099971,0.00578065692316887
2023-09-29 00:00:00-04:00,0.0030419218968482653,-0.002429893076937084
2023-10-02 00:00:00-04:00,0.01472651331974184,-0.00039771420840750693
2023-10-03 00:00:00-04:00,-0.007800219689353405,-0.013476571978483065
2023-10-04 00:00:00-04:00,0.00728205806885196,0.007255675686661078
2023-10-05 00:00:00-04:00,0.007172031288138037,-0.0003769322281828025
2023-10-06 00:00:00-04:00,0.014642930492964723,0.01180284905981921
2023-10-09 00:00:00-04:00,0.00841556736045046,0.0063819372859343915
2023-10-10 00:00:00-04:00,-0.0033578718302038624,0.005191413324327598
2023-10-11 00:00:00-04:00,0.007872989256257235,0.004087816973491698
2023-10-12 00:00:00-04:00,0.005048593162452875,-0.006115189330448523
2023-10-13 00:00:00-04:00,-0.01034604469369782,-0.004993175028110919
2023-10-16 00:00:00-04:00,-0.0007271313372809729,0.010466528888327886
2023-10-17 00:00:00-04:00,-0.008823636507615973,-4.596975053683394e-05
2023-10-18 00:00:00-04:00,-0.00742247318968392,-0.013414666574261602
2023-10-19 00:00:00-04:00,-0.0021630109059831426,-0.008825204976957934
2023-10-20 00:00:00-04:00,-0.014813601865665937,-0.012364173020610103
2023-10-23 00:00:00-04:00,0.0006938488953194266,-0.0017347331909594033
2023-10-24 00:00:00-04:00,0.0025401205579136388,0.007511037892539818
2023-10-25 00:00:00-04:00,-0.013583557146072067,-0.014456105345101555
2023-10-26 00:00:00-04:00,-0.024913483356283628,-0.01204688704888568
2023-10-27 00:00:00-04:00,0.007937945091537557,-0.004543118864360096
2023-10-30 00:00:00-04:00,0.012230384088460333,0.011884738553441743
2023-10-31 00:00:00-04:00,0.002814620207369778,0.006260832234906033
2023-11-01 00:00:00-04:00,0.01856519312424343,0.010608225796332249
2023-11-02 00:00:00-04:00,0.02048218446541039,0.018983090124788937
2023-11-03 00:00:00-04:00,-0.005194564215723396,0.00908201305703038
2023-11-06 00:00:00-05:00,0.014499304363405408,0.002297630445741383
2023-11-07 00:00:00-05:00,0.014347279522155532,0.0028421484026388555
2023-11-08 00:00:00-05:00,0.005867968628496811,0.0007322157891609393
2023-11-09 00:00:00-05:00,-0.0026281059393378214,-0.007829325350228622
2023-11-10 00:00:00-05:00,0.022954646980771543,0.015484140740612773
2023-11-13 00:00:00-05:00,-0.008620607816032688,-0.0009536356439312499
2023-11-14 00:00:00-05:00,0.01418462322071079,0.019214976589911004
2023-11-15 00:00:00-05:00,0.003036064018259843,0.0021147077974390527
2023-11-16 00:00:00-05:00,0.009001578889629158,0.0012224149247446192
2023-11-17 00:00:00-05:00,-0.0001053536852007042,0.0012429799342861259
2023-11-20 00:00:00-05:00,0.00923551032052572,0.007668359646099354
2023-11-21 00:00:00-05:00,-0.004240025195278108,-0.0021819417328794444
2023-11-22 00:00:00-05:00,0.003508539009410505,0.0038534000375429756
2023-11-24 00:00:00-05:00,-0.007028943411033772,0.0006152099777469999
2023-11-27 00:00:00-05:00,-0.0009482604995820765,-0.001802592544283499
2023-11-28 00:00:00-05:00,0.0032090510399731542,0.0009896527401798139
2023-11-29 00:00:00-05:00,-0.005424264880548257,-0.000703680218120617
2023-11-30 00:00:00-05:00,0.0030579396299126316,0.003929695836503377
2023-12-01 00:00:00-05:00,0.006768453516995621,0.005898364918483168
2023-12-04 00:00:00-05:00,-0.009509668371971536,-0.0052631729468828325
2023-12-05 00:00:00-05:00,0.0208443415308448,-0.00019707583353145708
2023-12-06 00:00:00-05:00,-0.005703235183580624,-0.004037774408803152
2023-12-07 00:00:00-05:00,0.010088217984868919,0.007601254473009078
2023-12-08 00:00:00-05:00,0.007385252689102728,0.004290032573335267
2023-12-11 00:00:00-05:00,-0.013011813758861734,0.003882122884898642
2023-12-12 00:00:00-05:00,0.00788900673138393,0.004556745760965875
2023-12-13 00:00:00-05:00,0.016553751081850976,0.013695845688702413
2023-12-14 00:00:00-05:00,0.0007574422057921026,0.0032041594910108273
2023-12-15 00:00:00-05:00,-0.0027295436938672424,-0.001647818970924142
2023-12-18 00:00:00-05:00,-0.008539726014544335,0.00560939300963792
2023-12-19 00:00:00-05:00,0.005345839370727745,0.0060623993493029715
2023-12-20 00:00:00-05:00,-0.010771778189901937,-0.013954104579225302
2023-12-21 00:00:00-05:00,-0.000770119589784457,0.009437274410402985
2023-12-22 00:00:00-05:00,-0.005562821343020552,0.0020077130058675507
2023-12-26 00:00:00-05:00,-0.0028450596379103743,0.004213644594210031
2023-12-27 00:00:00-05:00,0.0005177333377899274,0.001806336256440666
2023-12-28 00:00:00-05:00,0.0022237704737841923,0.00037757497973434084
2023-12-29 00:00:00-05:00,-0.0054388809095344826,-0.002899052795052981
2024-01-02 00:00:00-05:00,-0.03644256384607658,-0.005611968882806906
2024-01-03 00:00:00-05:00,-0.0075159653947061145,-0.00820034367793454
2024-01-04 00:00:00-05:00,-0.012781292914785247,-0.00322627413568366
2024-01-05 00:00:00-05:00,-0.00402121359742047,0.0013686643139205756
2024-01-08 00:00:00-05:00,0.023887415035348525,0.01417510951687806
2024-01-09 00:00:00-05:00,-0.0022661020680176946,-0.001518279922994914
2024-01-10 00:00:00-05:00,0.005655448251258299,0.0056394668438422
2024-01-11 00:00:00-05:00,-0.003227719691058617,-0.0004407701645678941
2024-01-12 00:00:00-05:00,0.0017765017109558912,0.0006924103038761231
2024-01-16 00:00:00-05:00,-0.012393543730645717,-0.003677798394030596
2024-01-17 00:00:00-05:00,-0.005186933940046323,-0.005574268291139717
2024-01-18 00:00:00-05:00,0.0320514795126714,0.008853634707607583
2024-01-19 00:00:00-05:00,0.015413599170943648,0.012388955010461444
2024-01-22 00:00:00-05:00,0.012089860318452494,0.002112219852500097
2024-01-23 00:00:00-05:00,0.006631367997130155,0.0029121688152375924
2024-01-24 00:00:00-05:00,-0.003490069324158185,0.0010925361060962757
2024-01-25 00:00:00-05:00,-0.0016982270853169723,0.0054241692601904035
2024-01-26 00:00:00-05:00,-0.00905345255310408,-0.0012712707643354193
2024-01-29 00:00:00-05:00,-0.003592497219528923,0.007888243661355432
2024-01-30 00:00:00-05:00,-0.01943333930909308,-0.0007738554537723985
2024-01-31 00:00:00-05:00,-0.019547500010494545,-0.016451725086950475
2024-02-01 00:00:00-05:00,0.013252469513867382,0.013003139970991562
2024-02-02 00:00:00-05:00,-0.005419768296059502,0.010472461313617565
2024-02-05 00:00:00-05:00,0.009798460106442697,-0.0036478409897640063
2024-02-06 00:00:00-05:00,0.008594710452979548,0.0028989202003337766
2024-02-07 00:00:00-05:00,0.0005809904071627514,0.008305907097740928
2024-02-08 00:00:00-05:00,-0.005771429528284244,0.0004415898720386835
2024-02-09 00:00:00-05:00,0.004085602028517599,0.005762762379160513
2024-02-12 00:00:00-05:00,-0.009042554950610793,-0.00043905185582637785
2024-02-13 00:00:00-05:00,-0.011338439166144632,-0.013868653446906798
2024-02-14 00:00:00-05:00,-0.004821455840080979,0.009046495811680266
2024-02-15 00:00:00-05:00,-0.0015760040267958075,0.006876099062960606
2024-02-16 00:00:00-05:00,-0.00846586577806896,-0.004992477910058746
2024-02-20 00:00:00-05:00,-0.004122531604615176,-0.0055205288560911114
2024-02-21 00:00:00-05:00,0.004177356968500412,0.0009054093939449004
2024-02-22 00:00:00-05:00,0.0111812242691407,0.020484246307596266
2024-02-23 00:00:00-05:00,-0.010084925180978033,0.0006894202445959507
2024-02-26 00:00:00-05:00,-0.007479155284976002,-0.0036692404808897905
2024-02-27 00:00:00-05:00,0.008081628993767076,0.0018560867199166609
2024-02-28 00:00:00-05:00,-0.006647429040895325,-0.0013226390152043521
2024-02-29 00:00:00-05:00,-0.003700128714633877,0.0035886453512556926
2024-03-01 00:00:00-05:00,-0.006048352381979427,0.00934434917791549
2024-03-04 00:00:00-05:00,-0.025709072635582864,-0.0010729743748649767
2024-03-05 00:00:00-05:00,-0.02885328653670438,-0.010044344863358923
2024-03-06 00:00:00-05:00,-0.00589534305036743,0.005054272583656427
2024-03-07 00:00:00-05:00,-0.0007101255965205056,0.009877448135826583
2024-03-08 00:00:00-05:00,0.010184864125791115,-0.0060202341446657925
2024-03-11 00:00:00-04:00,0.011762092562559445,-0.0008601712237181758
2024-03-12 00:00:00-04:00,0.0027746357741706973,0.010699840615063572
2024-03-13 00:00:00-04:00,-0.012196651368700628,-0.001568698635116661
2024-03-14 00:00:00-04:00,0.010868208606735763,-0.001978656509893817
2024-03-15 00:00:00-04:00,-0.0021991158043226378,-0.006890206964314416
2024-03-18 00:00:00-04:00,0.0063522342057957815,0.005925380657140877
2024-03-19 00:00:00-04:00,0.013493713705320154,0.005541948847146649
2024-03-20 00:00:00-04:00,0.014601851555314127,0.009206707377034107
2024-03-21 00:00:00-04:00,-0.04171543404215061,0.003299103030349748
2024-03-22 00:00:00-04:00,0.005296132557137234,-0.0018974926250097113
2024-03-25 00:00:00-04:00,-0.008335096591697067,-0.002766596955210865
2024-03-26 00:00:00-04:00,-0.00669493968519852,-0.0018487399412085992
2024-03-27 00:00:00-04:00,0.02099086277335349,0.008368689146233343
2024-03-28 00:00:00-04:00,-0.010615298586031052,-0.0001911171624708885
2024-04-01 00:00:00-04:00,-0.008491802797339076,-0.0017411468835160093
2024-04-02 00:00:00-04:00,-0.007023388983173895,-0.0063785549081458726
2024-04-03 00:00:00-04:00,0.004785998523487045,0.001097811719650288
2024-04-04 00:00:00-04:00,-0.004904224696139714,-0.012281136974596762
2024-04-05 00:00:00-04:00,0.004491711574173607,0.01039254563354497
2024-04-08 00:00:00-04:00,-0.006685999268635889,0.0005591579174488714
2024-04-09 00:00:00-04:00,0.007216432946742124,0.0011561240136144235
2024-04-10 00:00:00-04:00,-0.011201750508412545,-0.010063392206913768
2024-04-11 00:00:00-04:00,0.04236088887289302,0.0075184673381816225
2024-04-12 00:00:00-04:00,0.008589675815827924,-0.013899176949491832
2024-04-15 00:00:00-04:00,-0.022106138804137032,-0.012607244506948057
2024-04-16 00:00:00-04:00,-0.019353293973412455,-0.001825577243156573
2024-04-17 00:00:00-04:00,-0.008180789918514897,-0.005935758070966912
2024-04-18 00:00:00-04:00,-0.005730482633555134,-0.00205982591392484
2024-04-19 00:00:00-04:00,-0.012288046240541917,-0.008766650264171005
2024-04-22 00:00:00-04:00,0.005077941328390345,0.009166926015029553
2024-04-23 00:00:00-04:00,0.006371547405406908,0.011796905834745353
2024-04-24 00:00:00-04:00,0.012622309436006951,-0.00047470303976293593
2024-04-25 00:00:00-04:00,0.00513398524015507,-0.0038062565305923
2024-04-26 00:00:00-04:00,-0.0034787648553127326,0.009429234515297757
2024-04-29 00:00:00-04:00,0.02450523032199392,0.0035352943577890983
2024-04-30 00:00:00-04:00,-0.018439981343762568,-0.015968040441022957
2024-05-01 00:00:00-04:00,-0.006065248978231352,-0.0032524964248201726
2024-05-02 00:00:00-04:00,0.021792509418482986,0.009309978186077927
2024-05-03 00:00:00-04:00,0.05809553547508184,0.012319201446675976
2024-05-06 00:00:00-04:00,-0.009148420913208,0.010273838462193652
2024-05-07 00:00:00-04:00,0.0037900522301681505,0.0011028150975027629
2024-05-08 00:00:00-04:00,0.0018623044469343597,9.67195059331516e-05
2024-05-09 00:00:00-04:00,0.009964456521568188,0.005745328646863612
2024-05-10 00:00:00-04:00,-0.00691405240511056,0.0012873396457120378
2024-05-13 00:00:00-04:00,0.017491536159623955,0.0001343586025894794
2024-05-14 00:00:00-04:00,0.006154379494744511,0.004577607971540942
2024-05-15 00:00:00-04:00,0.012144075476585137,0.01230702257424543
2024-05-16 00:00:00-04:00,0.0006321437504697158,-0.0020596405055153255
2024-05-17 00:00:00-04:00,0.00015813577989653993,0.0014361557762567756
2024-05-20 00:00:00-04:00,0.006143194123705342,0.0011517458847070117
2024-05-21 00:00:00-04:00,0.0068339181439753816,0.002449581967446157
2024-05-22 00:00:00-04:00,-0.0075670655573851775,-0.0028836677623882423
2024-05-23 00:00:00-04:00,-0.021282942834169205,-0.007330848861392347
2024-05-24 00:00:00-04:00,0.016452081017442666,0.006594601350515816
2024-05-28 00:00:00-04:00,5.2621800121777085e-05,0.0006983891355050176
2024-05-29 00:00:00-04:00,0.0015776915753287213,-0.00702714495595913
2024-05-30 00:00:00-04:00,0.005241523489099009,-0.00665561880057286
2024-05-31 00:00:00-04:00,0.005005967076465723,0.009066685809981934
2024-06-03 00:00:00-04:00,0.009216210368254707,0.0008151459091374491
2024-06-04 00:00:00-04:00,0.0016478313705992065,0.0011170281829171458
2024-06-05 00:00:00-04:00,0.007790506978031075,0.011815343065565642
2024-06-06 00:00:00-04:00,-0.007121773604589876,-1.8757654736134555e-05
2024-06-07 00:00:00-04:00,0.012315677300110295,-0.0012162467551890543
2024-06-10 00:00:00-04:00,-0.019333299602785736,0.0030847729257645895
2024-06-11 00:00:00-04:00,0.07013132770478414,0.0024055602900636686
2024-06-12 00:00:00-04:00,0.028177674937838404,0.00817933282340011
2024-06-13 00:00:00-04:00,0.005476123916850817,0.0020114854581949615
2024-06-14 00:00:00-04:00,-0.008202020487631856,0.0006084316427283909
2024-06-17 00:00:00-04:00,0.019480543032563524,0.007927321904105611
2024-06-18 00:00:00-04:00,-0.011045156539777778,0.0025373834067190515
2024-06-20 00:00:00-04:00,-0.02174773523970952,-0.002720369556714175
2024-06-21 00:00:00-04:00,-0.010499366394705056,-0.0013415073366926933
2024-06-24 00:00:00-04:00,0.0031276977963470287,-0.0032558048017206076
2024-06-25 00:00:00-04:00,0.00445826920285608,0.0038432439116702355
2024-06-26 00:00:00-04:00,0.01979607410421469,0.001247492784700377
2024-06-27 00:00:00-04:00,0.003978037396068501,0.0015752203432350953
2024-06-28 00:00:00-04:00,-0.01638779344594532,-0.003942827932308823
2024-07-01 00:00:00-04:00,0.028689103438399144,0.002056023473447688
2024-07-02 00:00:00-04:00,0.016109487481492657,0.006707118438701087
2024-07-03 00:00:00-04:00,0.005794092350440039,0.004452479394036146
2024-07-05 00:00:00-04:00,0.021390113930115362,0.0057502604183259365
2024-07-08 00:00:00-04:00,0.006517656122570159,0.0011530936089485522
2024-07-09 00:00:00-04:00,0.003767750210378118,0.0009720371138124406
2024-07-10 00:00:00-04:00,0.018628841081770098,0.009846420216596208
2024-07-11 00:00:00-04:00,-0.023494598961869784,-0.008659843691773084
2024-07-12 00:00:00-04:00,0.012966430164943255,0.006287704933039429
2024-07-15 00:00:00-04:00,0.016604719204609708,0.002746401526389164
2024-07-16 00:00:00-04:00,0.001790256837530535,0.0059124903232508075
2024-07-17 00:00:00-04:00,-0.025621408097380893,-0.01412035274858603
2024-07-18 00:00:00-04:00,-0.020748563003653686,-0.0077145480185789594
2024-07-19 00:00:00-04:00,0.0005796383213771961,-0.006662675135904017
2024-07-22 00:00:00-04:00,-0.0015615582670722716,0.010256957726202387
2024-07-23 00:00:00-04:00,0.004677378392739406,-0.0015696258640360838
2024-07-24 00:00:00-04:00,-0.02917584044320698,-0.02292339201464344
2024-07-25 00:00:00-04:00,-0.00481618909606496,-0.005223814609031763
2024-07-26 00:00:00-04:00,0.0021588940792174327,0.011137417389716298
2024-07-29 00:00:00-04:00,0.0012838281010152386,0.0005876292850235387
2024-07-30 00:00:00-04:00,0.0025627221133088796,-0.005079203632265994
2024-07-31 00:00:00-04:00,0.014879440602608263,0.01612369461463814
2024-08-01 00:00:00-04:00,-0.01689253545047631,-0.014262093335322135
2024-08-02 00:00:00-04:00,0.006845778465977226,-0.01879387511065378
2024-08-05 00:00:00-04:00,-0.04936555406626564,-0.029556326608491723
2024-08-06 00:00:00-04:00,-0.009796066266792636,0.009177427039383623
2024-08-07 00:00:00-04:00,0.012420769017557731,-0.006706663339052454
2024-08-08 00:00:00-04:00,0.01649641565130011,0.022854265851704803
2024-08-09 00:00:00-04:00,0.013642513375723198,0.004399998921797099
2024-08-12 00:00:00-04:00,0.007104648603490915,0.0005253843187515983
2024-08-13 00:00:00-04:00,0.017046882034187583,0.016311846846680744
2024-08-14 00:00:00-04:00,0.0020316113264247093,0.0031496991601986934
2024-08-15 00:00:00-04:00,0.013439997171812657,0.016995155595745715
2024-08-16 00:00:00-04:00,0.005900976323627738,0.0022394838801407246
2024-08-19 00:00:00-04:00,-0.0007080741065657037,0.009516008931220732
2024-08-20 00:00:00-04:00,0.002740922403434709,-0.0016274956774617877
2024-08-21 00:00:00-04:00,-0.0004857371295585722,0.003430679864506736
2024-08-22 00:00:00-04:00,-0.008294110100015573,-0.007879587446342207
2024-08-23 00:00:00-04:00,0.010235644577337943,0.010569223247030024
2024-08-26 00:00:00-04:00,0.00149777293792841,-0.0023864313417831795
2024-08-27 00:00:00-04:00,0.0037345121544722915,0.001372128879619794
2024-08-28 00:00:00-04:00,-0.006776393086097343,-0.0058223245759290165
2024-08-29 00:00:00-04:00,0.014465009195904877,8.963692519170507e-05
2024-08-30 00:00:00-04:00,-0.003443849145913447,0.009500796704648984
2024-09-03 00:00:00-04:00,-0.027582004378229996,-0.02079361247368894
2024-09-04 00:00:00-04:00,-0.008656370261538981,-0.002049155044371531
2024-09-05 00:00:00-04:00,0.006904082950233814,-0.002435029734662919
2024-09-06 00:00:00-04:00,-0.007039738008126406,-0.01697367252103099
2024-09-09 00:00:00-04:00,0.00040746718124484715,0.011134270661468548
2024-09-10 00:00:00-04:00,-0.003628036927344702,0.00434622811525287
2024-09-11 00:00:00-04:00,0.011518632009311247,0.0102065847286541
2024-09-12 00:00:00-04:00,0.0004939630562201813,0.008388070555064076
2024-09-13 00:00:00-04:00,-0.0012128214717632702,0.005209302990782483
2024-09-16 00:00:00-04:00,-0.028168338085245992,0.001475615102178196
2024-09-17 00:00:00-04:00,0.002170393245249258,0.0004085391054875487
2024-09-18 00:00:00-04:00,0.01782978331118379,-0.00297023209645797
2024-09-19 00:00:00-04:00,0.03639520795768103,0.016920529043112253
2024-09-20 00:00:00-04:00,-0.002931796244775242,-0.0017302080740719816
2024-09-23 00:00:00-04:00,-0.0076099028294827065,0.002495787596560106
2024-09-24 00:00:00-04:00,0.003966086699175975,0.0028571828599996962
2024-09-25 00:00:00-04:00,-0.004407795966256067,-0.0022079006110393706
2024-09-26 00:00:00-04:00,0.005067373986078039,0.003956742996381379
2024-09-27 00:00:00-04:00,0.0011860101413008195,-0.0014513429427989166
2024-09-30 00:00:00-04:00,0.0226143003621031,0.0039992989137518364
2024-10-01 00:00:00-04:00,-0.029574621335586748,-0.008998864597382195
2024-10-02 00:00:00-04:00,0.0025165027063600576,0.0004219846736415178
2024-10-03 00:00:00-04:00,-0.004906596736482527,-0.0018299608421719071
2024-10-04 00:00:00-04:00,0.004994862304227077,0.009046274758810924
2024-10-07 00:00:00-04:00,-0.022788645790995155,-0.00908148860476743
2024-10-08 00:00:00-04:00,0.0182367944072217,0.009413109760801674
2024-10-09 00:00:00-04:00,0.016560520169763393,0.006902497885481473
2024-10-10 00:00:00-04:00,-0.002180634587295671,-0.0017515701767392144
2024-10-11 00:00:00-04:00,-0.006526628225767439,0.005970591728843289
2024-10-14 00:00:00-04:00,0.01634555973394658,0.008144978955629156
2024-10-15 00:00:00-04:00,0.010964418151688804,-0.007799943775756546
2024-10-16 00:00:00-04:00,-0.00889136249145217,0.004336888662575866
2024-10-17 00:00:00-04:00,0.001595057948003742,8.58937488441569e-05
2024-10-18 00:00:00-04:00,0.012201726137874402,0.003839169318771596
2024-10-21 00:00:00-04:00,0.006278212601648292,-0.0016434165876182405
2024-10-22 00:00:00-04:00,-0.002625148110947606,-0.0005315343066989442
2024-10-23 00:00:00-04:00,-0.021860207007758703,-0.009179476313645019
2024-10-24 00:00:00-04:00,-0.0008237359406679801,0.002160467339208161
2024-10-25 00:00:00-04:00,0.0036365546387164827,-0.00034524938803048855
2024-10-28 00:00:00-04:00,0.008562510451707972,0.0030865539758329064
2024-10-29 00:00:00-04:00,0.0011562803247056053,0.001617071462733044
2024-10-30 00:00:00-04:00,-0.015395959731503872,-0.003029794379390438
2024-10-31 00:00:00-04:00,-0.01837731916890828,-0.019797775292802022
2024-11-01 00:00:00-04:00,-0.013368521062254501,0.0042115975622021296
2024-11-04 00:00:00-05:00,-0.004045739590803343,-0.0021563248834119975
2024-11-05 00:00:00-05:00,0.00646525353662053,0.0120192929241556
2024-11-06 00:00:00-05:00,-0.0032722019360003074,0.024561477968850554
2024-11-07 00:00:00-05:00,0.021146980800385684,0.007702322786009574
2024-11-08 00:00:00-05:00,-0.001188981676001788,0.004322565494875086
2024-11-11 00:00:00-05:00,-0.012101462056794077,0.0009522238642123426
2024-11-12 00:00:00-05:00,0.0,-0.003111171041910943
2024-11-13 00:00:00-05:00,0.003961227260457001,0.00048565075154449744
2024-11-14 00:00:00-05:00,0.013676558918350956,-0.0064508649885439695
2024-11-15 00:00:00-05:00,-0.014209636729328956,-0.012891378731031189
2024-11-18 00:00:00-05:00,0.013332956802416085,0.004089038602606898
2024-11-19 00:00:00-05:00,0.0011394263803206073,0.003648809581418
2024-11-20 00:00:00-05:00,0.0031491280827431467,0.0003387703491766203
2024-11-21 00:00:00-05:00,-0.0020982940279035134,0.005354099411758462
2024-11-22 00:00:00-05:00,0.005890119788797499,0.003094495985836332
2024-11-25 00:00:00-05:00,0.012966527249477444,0.003386364855228585
2024-11-26 00:00:00-05:00,0.009360456697544706,0.005208003944427553
2024-11-27 00:00:00-05:00,-0.000553314623702228,-0.0030349998328755845
2024-11-29 00:00:00-05:00,0.010164098403333988,0.0061929391546202694
2024-12-02 00:00:00-05:00,0.009477470745086869,0.0017908264486719006
2024-12-03 00:00:00-05:00,0.012690990625024767,0.00046383788294779293
2024-12-04 00:00:00-05:00,0.0014825202795858416,0.00619020790406033
2024-12-05 00:00:00-05:00,0.00012344947444375975,-0.0016469926928674994
2024-12-06 00:00:00-05:00,-0.0008232001171917247,0.0018939000361717362
2024-12-09 00:00:00-05:00,0.015972789405015675,-0.005162875323061478
2024-12-10 00:00:00-05:00,0.004125211834479003,-0.0031139370068000716
2024-12-11 00:00:00-05:00,-0.005179366004925967,0.0077009079554821724
2024-12-12 00:00:00-05:00,0.005946028455420915,-0.005165960268392666
2024-12-13 00:00:00-05:00,0.0006854306724015657,-0.00019863789310381463
2024-12-16 00:00:00-05:00,0.01165931719919211,0.004260862955717926
2024-12-17 00:00:00-05:00,0.00967265144065621,-0.004128398950298262
2024-12-18 00:00:00-05:00,-0.0216546115189864,-0.030256713719321482
2024-12-19 00:00:00-05:00,0.006990222612493824,-0.00030730620744279236
2024-12-20 00:00:00-05:00,0.018641039201331644,0.011939665210903172
2024-12-23 00:00:00-05:00,0.003060218651189217,0.005970350138959191
2024-12-24 00:00:00-05:00,0.011412788234702376,0.011053572446759752
2024-12-26 00:00:00-05:00,0.0031706612920796573,6.679605695136814e-05
2024-12-27 00:00:00-05:00,-0.013330685475176907,-0.010582483836422796
2024-12-30 00:00:00-05:00,-0.013352152251794536,-0.011477092614340378
2024-12-31 00:00:00-05:00,-0.007082816423246818,-0.0036447696483694614
2025-01-02 00:00:00-05:00,-0.026586202055750796,-0.0024600417555857845
2025-01-03 00:00:00-05:00,-0.0020114991916262426,0.012425987395675797
2025-01-06 00:00:00-05:00,0.006716401892925994,0.005743877338499459
2025-01-07 00:00:00-05:00,-0.011453149634027326,-0.01136831748402134
2025-01-08 00:00:00-05:00,0.0020210401127780386,0.0014599452771522081
2025-01-10 00:00:00-05:00,-0.024399056331406932,-0.015385389067640531
2025-01-13 00:00:00-05:00,-0.010398077073864087,0.0015494909336757345
2025-01-14 00:00:00-05:00,-0.004789510977833977,0.0013748978928802558
2025-01-15 00:00:00-05:00,0.01948479289292493,0.018026676145310283
2025-01-16 00:00:00-05:00,-0.041238949127982316,-0.0019250581580587678
2025-01-17 00:00:00-05:00,0.0075070326070303395,0.009989940166919453
2025-01-21 00:00:00-05:00,-0.032436333280543295,0.009111737358868055
2025-01-22 00:00:00-05:00,0.005330858578406428,0.0056057964535396465
2025-01-23 00:00:00-05:00,-0.0007598724532842382,0.0054431155036649415
2025-01-24 00:00:00-05:00,-0.003942223496590458,-0.0029235346227727277
2025-01-27 00:00:00-05:00,0.03128569408920612,-0.014246356815884376
2025-01-28 00:00:00-05:00,0.035891943877934374,0.008555817741972227
2025-01-29 00:00:00-05:00,0.004606231285589679,-0.0044929421705930395
2025-01-30 00:00:00-05:00,-0.007422132555007899,0.005352627652579933
2025-01-31 00:00:00-05:00,-0.006714661868625349,-0.005336329203634804
2025-02-03 00:00:00-05:00,-0.034442449527729124,-0.006752299649225968
2025-02-04 00:00:00-05:00,0.020790312242924713,0.006685969492030708
2025-02-05 00:00:00-05:00,-0.0014185271533913024,0.004046431943153017
2025-02-06 00:00:00-05:00,0.0032209720557254684,0.0034697055377472807
2025-02-07 00:00:00-05:00,-0.024260588842492936,-0.009195766218253354
2025-02-10 00:00:00-05:00,0.0011865630698002505,0.006768165160238482
2025-02-11 00:00:00-05:00,0.021596875916094938,0.0007603546875465383
2025-02-12 00:00:00-05:00,0.018105292530789185,-0.0032268906766450556
2025-02-13 00:00:00-05:00,0.019482170521390785,0.010502263030506498
2025-02-14 00:00:00-05:00,0.012630624559596626,-4.917818218608261e-05
2025-02-18 00:00:00-05:00,-0.0005316465087883415,0.0029314948135539254
2025-02-19 00:00:00-05:00,0.0016348462886490722,0.0023523531681055587
2025-02-20 00:00:00-05:00,0.003912785711978728,-0.0041692274256606154
2025-02-21 00:00:00-05:00,-0.0011396537456329625,-0.017252074498228964
2025-02-24 00:00:00-05:00,0.006292594039562616,-0.004560584055750105
2025-02-25 00:00:00-05:00,-0.00024290070914556594,-0.004985694318822453
2025-02-26 00:00:00-05:00,-0.02741245141264237,0.000504670194333201
2025-02-27 00:00:00-05:00,-0.012812686137682938,-0.016090568428085206
2025-02-28 00:00:00-05:00,0.018951151802367505,0.015484870936497863
2025-03-03 00:00:00-05:00,-0.015879587234660875,-0.01767527081118292
2025-03-04 00:00:00-05:00,-0.00886148283490229,-0.011907267535004706
2025-03-05 00:00:00-05:00,-0.0008056662675723913,0.010690384507583417
2025-03-06 00:00:00-05:00,-0.0017406856633073176,-0.01791059816833762
2025-03-07 00:00:00-05:00,0.015767593048095385,0.005589344711509625
2025-03-10 00:00:00-04:00,-0.04969407749542043,-0.0269967721155977
2025-03-11 00:00:00-04:00,-0.029623944431472538,-0.008347635015888422
2025-03-12 00:00:00-04:00,-0.01763330877798719,0.005292569239513156
2025-03-13 00:00:00-04:00,-0.03422261356058165,-0.01342030784804571
2025-03-14 00:00:00-04:00,0.018007453235031612,0.020445355558062595
2025-03-17 00:00:00-04:00,0.0023860192768268007,0.007681757248936272
2025-03-18 00:00:00-04:00,-0.006140212673901857,-0.010867214480762222
2025-03-19 00:00:00-04:00,0.011918035488511336,0.010831967834690204
2025-03-20 00:00:00-04:00,-0.0053105372927575445,-0.002895887979129874
2025-03-21 00:00:00-04:00,0.019289668235971114,0.00032983755223536804
2025-03-24 00:00:00-04:00,0.01120733571938004,0.017750127747996558
2025-03-25 00:00:00-04:00,0.013589134737598485,0.0024007216060804026
2025-03-26 00:00:00-04:00,-0.009971439157240525,-0.012010062529948407
2025-03-27 00:00:00-04:00,0.010418229860519546,-0.0026592688935833664
2025-03-28 00:00:00-04:00,-0.026939912000846,-0.02034364112100384
2025-03-31 00:00:00-04:00,0.019226511770997767,0.006690258716165687
2025-04-01 00:00:00-04:00,0.004760734526365162,0.00282057183324369
2025-04-02 00:00:00-04:00,0.003131380963437458,0.006308467637460957
2025-04-03 00:00:00-04:00,-0.09701349694412986,-0.05053652363905137
2025-04-04 00:00:00-04:00,-0.07568008275697302,-0.060326711133001254
2025-04-07 00:00:00-04:00,-0.03742605742495364,-0.0017827766547524604
2025-04-08 00:00:00-04:00,-0.05110199579088359,-0.015786648962730077
2025-04-09 00:00:00-04:00,0.1426174417646351,0.0998628091253142
2025-04-10 00:00:00-04:00,-0.04331860368958562,-0.04480823673587597
2025-04-11 00:00:00-04:00,0.039792132638417854,0.017685464038685872
2025-04-14 00:00:00-04:00,0.02181443872306943,0.009654750647451138
2025-04-15 00:00:00-04:00,-0.0018782389113374265,-0.002804721990854908
2025-04-16 00:00:00-04:00,-0.03971140114647831,-0.02247896287956852
2025-04-17 00:00:00-04:00,0.013853189502783358,0.001425935808127221
2025-04-21 00:00:00-04:00,-0.019583410485949138,-0.024090568657221034
2025-04-22 00:00:00-04:00,0.033497759871790045,0.025685056289011854
2025-04-23 00:00:00-04:00,0.024040264945770495,0.015376651323154356
2025-04-24 00:00:00-04:00,0.018258541285224972,0.020830558155566337
2025-04-25 00:00:00-04:00,0.004357635646223379,0.007199220589857447
2025-04-28 00:00:00-04:00,0.004100949867945403,0.0003813124578098126
2025-04-29 00:00:00-04:00,0.005079008067031765,0.006279518962466923
2025-04-30 00:00:00-04:00,0.006089043625775226,0.00039675137728512055
2025-05-01 00:00:00-04:00,0.0038514691279516455,0.007062096677786123
2025-05-02 00:00:00-04:00,-0.03807762521706515,0.014735038993648253
2025-05-05 00:00:00-04:00,-0.03196389504538111,-0.0057509383688758575
2025-05-06 00:00:00-04:00,-0.0019124746082086475,-0.008393453277072638
2025-05-07 00:00:00-04:00,-0.011450203516695012,0.0041967090469272605
2025-05-08 00:00:00-04:00,0.006298605131348722,0.006943709424319877
2025-05-09 00:00:00-04:00,0.0052523665318089385,-0.001275143396223477
2025-05-12 00:00:00-04:00,0.061232622655102986,0.03251321300287824
2025-05-13 00:00:00-04:00,0.010101061627642238,0.006582256329714653
2025-05-14 00:00:00-04:00,-0.002821771145899099,0.0012770557867174404
2025-05-15 00:00:00-04:00,-0.00415308327275099,0.004872501047651134
2025-05-16 00:00:00-04:00,-0.0008990377898525637,0.0063139640170035705
2025-05-19 00:00:00-04:00,-0.011808423715664595,0.0010933260215360008
2025-05-20 00:00:00-04:00,-0.009238910683149193,-0.0033677140150292217
2025-05-21 00:00:00-04:00,-0.023329159153569812,-0.01699446941251015
2025-05-22 00:00:00-04:00,-0.003618779122479765,0.0003946302102360022
2025-05-23 00:00:00-04:00,-0.030711013472802584,-0.0068493608136135364
2025-05-27 00:00:00-04:00,0.024983623491845464,0.020577510273195543
2025-05-28 00:00:00-04:00,0.0010483209838465513,-0.005802042286610742
2025-05-29 00:00:00-04:00,-0.0023480003697970986,0.003939566259242078
2025-05-30 00:00:00-04:00,0.004491124929717039,-0.0011191319232546348
2025-06-02 00:00:00-04:00,0.00422310966403483,0.0056170112957714124
2025-06-03 00:00:00-04:00,0.007753652101769148,0.005686463665883323
2025-06-04 00:00:00-04:00,-0.0022162318442875417,-0.0002684446267045004
2025-06-05 00:00:00-04:00,-0.01085643132370162,-0.004844471287246854
2025-06-06 00:00:00-04:00,0.01626524053228806,0.010216558319084967
2025-06-09 00:00:00-04:00,-0.012186523994551557,0.0009008229136489021
2025-06-10 00:00:00-04:00,0.006037802354387445,0.005653808661982396
2025-06-11 00:00:00-04:00,-0.019380291361327906,-0.002856152274401502
2025-06-12 00:00:00-04:00,0.0021106035496742948,0.003966398812071503
2025-06-13 00:00:00-04:00,-0.013901310186158256,-0.011243026407137258
2025-06-16 00:00:00-04:00,0.00997797724737115,0.00946916181067703
2025-06-17 00:00:00-04:00,-0.014109778885394775,-0.00858168442641638
2025-06-18 00:00:00-04:00,0.004793274025658434,-0.00015082803167576486
2025-06-20 00:00:00-04:00,0.022235446429914596,-0.002351132401640754
2025-06-23 00:00:00-04:00,0.002484519702133703,0.00982881557858395
2025-06-24 00:00:00-04:00,-0.0059732197835167256,0.010986714416363341
2025-06-25 00:00:00-04:00,0.006270923416463958,0.0005601258187581948
2025-06-26 00:00:00-04:00,-0.0027822233350809356,0.007793564938162412
2025-06-27 00:00:00-04:00,0.0003978802500066436,0.004956020409532691
2025-06-30 00:00:00-04:00,0.020136141089457382,0.004769685434341753
2025-07-01 00:00:00-04:00,0.01283333738460879,-0.00032366665853711396
2025-07-02 00:00:00-04:00,0.02198734784495926,0.004523021278821204
2025-07-03 00:00:00-04:00,0.005211396822573988,0.007850602922943928
2025-07-07 00:00:00-04:00,-0.017001603648317598,-0.007479975264697458
2025-07-08 00:00:00-04:00,0.00028586949482001245,-0.0005478853567879582
2025-07-09 00:00:00-04:00,0.005366236193553142,0.005978747694234343
2025-07-10 00:00:00-04:00,0.0059968476426544015,0.0028161901993613014
2025-07-11 00:00:00-04:00,-0.005902231047290485,-0.0035215034430642334
2025-07-14 00:00:00-04:00,-0.012101740704144603,0.0019063658432800779
2025-07-15 00:00:00-04:00,0.0023460740355769616,-0.0042823684543158436
2025-07-16 00:00:00-04:00,0.005008729029391645,0.0033375982096872647
2025-07-17 00:00:00-04:00,-0.0006663876857384565,0.006101087198508992
2025-07-18 00:00:00-04:00,0.005508078177054898,-0.0007327011500946057
2025-07-21 00:00:00-04:00,0.006136942437674264,0.0018943480812732005
2025-07-22 00:00:00-04:00,0.00899564196136815,0.000143087055369584
2025-07-23 00:00:00-04:00,-0.0011667827068801984,0.008471492550937043
2025-07-24 00:00:00-04:00,-0.0018228062438945258,0.00033107217729266836
2025-07-25 00:00:00-04:00,0.000561256032128199,0.00421534382150579
2025-07-28 00:00:00-04:00,0.000794555957921439,-0.00025100366479868796
2025-07-29 00:00:00-04:00,-0.013072639532385466,-0.002641146447957432
2025-07-30 00:00:00-04:00,-0.010563540806898253,-0.001260066027838569
2025-07-31 00:00:00-04:00,-0.007104917140161149,-0.003758314680045949
2025-08-01 00:00:00-04:00,-0.025321374432513366,-0.01652622653760183
2025-08-04 00:00:00-04:00,0.004781501686182743,0.015085405109180883
2025-08-05 00:00:00-04:00,-0.0021169754333030255,-0.005082822025413769
2025-08-06 00:00:00-04:00,0.0496535445848405,0.007630571713426626
2025-08-07 00:00:00-04:00,0.031298579040476504,-0.0008379873633206358
2025-08-08 00:00:00-04:00,0.04148540992381111,0.007767310261872495
2025-08-11 00:00:00-04:00,-0.008372346759315974,-0.0019794589913795235
2025-08-12 00:00:00-04:00,0.01081367863228433,0.010589711326313811
2025-08-13 00:00:00-04:00,0.01589742521363302,0.0034172868046882243
2025-08-14 00:00:00-04:00,-0.002359949785194715,9.310492937064652e-05
2025-08-15 00:00:00-04:00,-0.00512531304894015,-0.002344038499325407
2025-08-18 00:00:00-04:00,-0.00302707017947057,-0.00021764032983284665
2025-08-19 00:00:00-04:00,-0.0014302554551237634,-0.005439966259086049
2025-08-20 00:00:00-04:00,-0.01993192967431856,-0.0026606171097007802
2025-08-21 00:00:00-04:00,-0.00492343960280639,-0.004019878702386848
2025-08-22 00:00:00-04:00,0.01263657584212563,0.015240110357538583
2025-08-25 00:00:00-04:00,-0.0026377013258107596,-0.004410829085847112
2025-08-26 00:00:00-04:00,0.009420129348730377,0.004178323848530674
2025-08-27 00:00:00-04:00,0.005132752986617639,0.0022758610152147085
2025-08-28 00:00:00-04:00,0.008940696391100289,0.0035352589433896853
2025-08-29 00:00:00-04:00,-0.0018076304121468212,-0.005981683674969318
2025-09-02 00:00:00-04:00,-0.010479434121203113,-0.007437844999217624
2025-09-03 00:00:00-04:00,0.037382371037568696,0.005404913267993194
2025-09-04 00:00:00-04:00,0.00547830765219004,0.008322877840182485
2025-09-05 00:00:00-04:00,-0.00037544440725501005,-0.002900681675646055
2025-09-08 00:00:00-04:00,-0.007580103253194359,0.0024538508507303547
2025-09-09 00:00:00-04:00,-0.014950513054872161,0.0023090261028819725
2025-09-10 00:00:00-04:00,-0.0327912627381961,0.0028867295722738717
2025-09-11 00:00:00-04:00,0.01418524466502813,0.008275761656661551
2025-09-12 00:00:00-04:00,0.01741041448711389,-0.0003346864420068485
2025-09-15 00:00:00-04:00,0.011173344217995762,0.0053099344807998605
2025-09-16 00:00:00-04:00,0.006107180813939017,-0.0013778336016097015
2025-09-17 00:00:00-04:00,0.0035210703845089952,-0.0012431359328903824
2025-09-18 00:00:00-04:00,-0.00465547877551753,0.004661523676906754
2025-09-19 00:00:00-04:00,0.03153064137146089,0.004940643347549845
2025-09-22 00:00:00-04:00,0.04219282822522352,0.004719893112429041
2025-09-23 00:00:00-04:00,-0.006464061681210609,-0.005458340322640254
2025-09-24 00:00:00-04:00,-0.008367199564262684,-0.0031867364861728475
2025-09-25 00:00:00-04:00,0.017911611862898802,-0.004624142450810886
2025-09-26 00:00:00-04:00,-0.005504298391803886,0.005712778565140297
2025-09-29 00:00:00-04:00,-0.004040113906832232,0.0028064118744701716
2025-09-30 00:00:00-04:00,0.0007858245839891254,0.0037597579990684693
2025-10-01 00:00:00-04:00,0.0032151403683506885,0.0034017796058662952
2025-10-02 00:00:00-04:00,0.00655520106838825,0.0011510698904784178
2025-10-03 00:00:00-04:00,0.003455047785106302,-1.4805515983873363e-05
2025-10-06 00:00:00-04:00,-0.005167846524758879,0.0035798566266853626
2025-10-07 00:00:00-04:00,-0.0008182686426669861,-0.0037144037537206742
2025-10-08 00:00:00-04:00,0.0061412609540303364,0.005945346619066427
2025-10-09 00:00:00-04:00,-0.01570037538407565,-0.0029011790781119373
2025-10-10 00:00:00-04:00,-0.03513200318862175,-0.027399832538963054
2025-10-13 00:00:00-04:00,0.009697157008920598,0.015227587680656463
2025-10-14 00:00:00-04:00,0.0004440322254124496,-0.0012223931057615545
2025-10-15 00:00:00-04:00,0.006316540342189647,0.0044297967857280796
2025-10-16 00:00:00-04:00,-0.007608874607051952,-0.006833615021649031
2025-10-17 00:00:00-04:00,0.019370687428605926,0.005660249367837267
2025-10-20 00:00:00-04:00,0.038680819811744094,0.010346787167761384
2025-10-21 00:00:00-04:00,0.0020189956678766663,-1.5034665906021871e-05
2025-10-22 00:00:00-04:00,-0.016576782761846154,-0.00521238577796268
2025-10-23 00:00:00-04:00,0.0043625040598547216,0.005912449677416554
2025-10-24 00:00:00-04:00,0.012404614504223588,0.008139340211437585
2025-10-27 00:00:00-04:00,0.02253543069239239,0.011728614603401688
2025-10-28 00:00:00-04:00,0.0007064546806763161,0.0026524950416693116
2025-10-29 00:00:00-04:00,0.00259894385003534,0.00048016576939513556
2025-10-30 00:00:00-04:00,0.00628356449994083,-0.011059024812133167
2025-10-31 00:00:00-04:00,-0.0038023760230787573,0.0032748538951503647
2025-11-03 00:00:00-05:00,-0.004894204257525736,0.0018749809994726974
2025-11-04 00:00:00-05:00,0.0036729820482328535,-0.01192436080247461
2025-11-05 00:00:00-05:00,0.00037027639315745375,0.0034593945896936873
2025-11-06 00:00:00-05:00,-0.00137076480479692,-0.010787338554331782
2025-11-07 00:00:00-05:00,-0.0048306116605632,0.0009840807123628892
2025-11-10 00:00:00-05:00,0.004538311020803043,0.015483874055295388
2025-11-11 00:00:00-05:00,0.021371265994226896,0.0022865608539506255
2025-11-12 00:00:00-05:00,-0.006487770006386562,0.0005562356386343836
2025-11-13 00:00:00-05:00,-0.001903286478438737,-0.016733219095931062
2025-11-14 00:00:00-05:00,-0.001980378999716592,-0.00016356304453069015
2025-11-17 00:00:00-05:00,-0.018338227860662748,-0.009360199290175508
2025-11-18 00:00:00-05:00,-7.494269318808477e-05,-0.008432918209559936
2025-11-19 00:00:00-05:00,0.004179277913276103,0.0038557333802780036
2025-11-20 00:00:00-05:00,-0.008638680660609133,-0.015359676983453419
2025-11-21 00:00:00-05:00,0.01948945166198346,0.009911946433390106
2025-11-24 00:00:00-05:00,0.016185865239936703,0.014611154045104158
2025-11-25 00:00:00-05:00,0.0037981174643082483,0.00936196862512606
2025-11-26 00:00:00-05:00,0.002091916821788331,0.006879861801814435
2025-11-28 00:00:00-05:00,0.0046729316563292045,0.005443590966696554
2025-12-01 00:00:00-05:00,0.015126085396803823,-0.004575923889866829
2025-12-02 00:00:00-05:00,0.010855813667109082,0.0018505635218017957
2025-12-03 00:00:00-05:00,-0.0071536301977950245,0.003456767569100627
2025-12-04 00:00:00-05:00,-0.012215705687721012,0.0007307827148075319
2025-12-05 00:00:00-05:00,-0.006863676920741746,0.0018976831042039066
2025-12-08 00:00:00-05:00,-0.0031975495274370047,-0.0030087308003299285
2025-12-09 00:00:00-05:00,-0.0025583338957932966,-0.0008635808935588685
2025-12-10 00:00:00-05:00,0.005755883423230301,0.006610428840849281
2025-12-11 00:00:00-05:00,-0.0026939973492767777,0.002324242885118899
2025-12-12 00:00:00-05:00,0.0008989157235728129,-0.01081029684898649
2025-12-15 00:00:00-05:00,-0.015098467426605922,-0.0015119509722545388
2025-12-16 00:00:00-05:00,0.0018224768125207902,-0.0027360246494350093
2025-12-17 00:00:00-05:00,-0.010138143375682418,-0.011064581322954403
2025-12-18 00:00:00-05:00,0.0012866188761622155,0.00752289464579281
2025-12-19 00:00:00-05:00,0.005422873807698458,0.009022679156543312
2025-12-22 00:00:00-05:00,-0.009915062523911722,0.006210568439740882
2025-12-23 00:00:00-05:00,0.005116620611389955,0.004559989765268391
2025-12-24 00:00:00-05:00,0.005309645046856382,0.003511501850766763
2025-12-26 00:00:00-05:00,-0.0014984650753557816,-0.00010141480775960332
2025-12-29 00:00:00-05:00,0.0013159464780425623,-0.0035700184467799545
2025-12-30 00:00:00-05:00,-0.0024871571416653637,-0.0012218705884974312
2025-12-31 00:00:00-05:00,-0.0044775154936740336,-0.007436524151640533
2026-01-02 00:00:00-05:00,-0.003131372878208083,0.001831315220198526
2026-01-05 00:00:00-05:00,-0.013933702077408405,0.006638036696537952
2026-01-06 00:00:00-05:00,-0.01850466825035113,0.005929632978253885
2026-01-07 00:00:00-05:00,-0.007767377881891413,-0.003228618665792382
2026-01-08 00:00:00-05:00,-0.004967451994982497,-0.00010153246851984932
2026-01-09 00:00:00-05:00,0.0012729954419459233,0.0065916105199921304
2026-01-12 00:00:00-05:00,0.0033870275674452444,0.001569201160272371
2026-01-13 00:00:00-05:00,0.003069341724501129,-0.0020015084477309486
2026-01-14 00:00:00-05:00,-0.0041841674678702034,-0.004927283608423316
2026-01-15 00:00:00-05:00,-0.006754644080745997,0.002719507171454083
2026-01-16 00:00:00-05:00,-0.010433286101296346,-0.0008382564279321159
2026-01-20 00:00:00-05:00,-0.03516685512367168,-0.020566855255717442
2026-01-21 00:00:00-05:00,0.0038434852977147216,0.011475018699616868
2026-01-22 00:00:00-05:00,0.002822541148654878,0.005209663778085627
2026-01-23 00:00:00-05:00,-0.0012490174035431068,0.00036266941646978523
2026-01-26 00:00:00-05:00,0.029280062037507548,0.005065292454212944
2026-01-27 00:00:00-05:00,0.011135442617066893,0.003976338186157058
2026-01-28 00:00:00-05:00,-0.00711081115321921,-0.00010066964734356532
2026-01-29 00:00:00-05:00,0.007149435917313873,-0.0019863486397246888
2026-01-30 00:00:00-05:00,0.004635495594084382,-0.0029870292480627114
2026-02-02 00:00:00-05:00,0.039779434912767364,0.004959083917284168
2026-02-03 00:00:00-05:00,-0.0019648308518362967,-0.008491423699952705
2026-02-04 00:00:00-05:00,0.025680349880646602,-0.0048556232072645145
2026-02-05 00:00:00-05:00,-0.002099945231847755,-0.012567930681256279
2026-02-06 00:00:00-05:00,0.007978093232017258,0.01900307879815699
2026-02-09 00:00:00-05:00,-0.011729154483153259,0.004810227845212012
2026-02-10 00:00:00-05:00,-0.0034288893262122144,-0.0026406293530794045
2026-02-11 00:00:00-05:00,0.006628141591757952,-0.0002311488565025499
2026-02-12 00:00:00-05:00,-0.05127412608613202,-0.01556943679538314
2026-02-13 00:00:00-05:00,-0.02299576337303577,0.000704251060116512
2026-02-17 00:00:00-05:00,0.031176814356459026,0.001612182753775393
2026-02-18 00:00:00-05:00,0.0017795831671145734,0.005025060758005573
2026-02-19 00:00:00-05:00,-0.014364265239645846,-0.002640917886957972
2026-02-20 00:00:00-05:00,0.015233805180443483,0.007205914505516553
2026-02-23 00:00:00-05:00,0.0060290623922911735,-0.010263859697353439
2026-02-24 00:00:00-05:00,0.022144051735165426,0.007242187209707929
2026-02-25 00:00:00-05:00,0.007650516196372692,0.008402902818122726
2026-02-26 00:00:00-05:00,-0.004678617466995938,-0.005569928872744434
2026-02-27 00:00:00-05:00,-0.03265788845667483,-0.004813507218789148
2026-03-02 00:00:00-05:00,0.0020418360212959286,0.000568450833916323
2026-03-03 00:00:00-05:00,-0.0036708239046800983,-0.008853415600299286
2026-03-04 00:00:00-05:00,-0.004674549655598881,0.0070304938268055395
2026-03-05 00:00:00-05:00,-0.008530820840249476,-0.005591092944311704
2026-03-06 00:00:00-05:00,-0.01093211529961824,-0.013193785186652818
2026-03-09 00:00:00-04:00,0.00935570106853234,0.008721814875850775
2026-03-10 00:00:00-04:00,0.0036488509698244798,-0.0016083986757946533
2026-03-11 00:00:00-04:00,-7.665866677442068e-05,-0.0012559228897517372
2026-03-12 00:00:00-04:00,-0.019552653794765895,-0.015301438459733419
2026-03-13 00:00:00-04:00,-0.022298726148557435,-0.005676215023587616
2026-03-16 00:00:00-04:00,0.010737031565243527,0.010125429394262753
2026-03-17 00:00:00-04:00,0.005561526596101096,0.002627091163271089
2026-03-18 00:00:00-04:00,-0.017018443311608067,-0.014051911808399709
2026-03-19 00:00:00-04:00,-0.0039285945586149396,-0.002467329631242521
2026-03-20 00:00:00-04:00,-0.0039038994401074945,-0.014439538092529958
2026-03-23 00:00:00-04:00,0.014014841512174137,0.010445249178189897
2026-03-24 00:00:00-04:00,0.0005962134063945967,-0.0033624612191456293
2026-03-25 00:00:00-04:00,0.0038868965936842415,0.005557218263224861
2026-03-26 00:00:00-04:00,0.0010682766662046816,-0.01802012148702481
2026-03-27 00:00:00-04:00,-0.01630526528771359,-0.017198951843375276
2026-03-30 00:00:00-04:00,-0.008760136268298524,-0.0033489923071652328
2026-03-31 00:00:00-04:00,0.028617923407992407,0.028653407820693033
2026-04-01 00:00:00-04:00,0.007223967120944863,0.007506248903133894
2026-04-02 00:00:00-04:00,0.0011337741969299486,0.0009000543608630451
2026-04-06 00:00:00-04:00,0.011422443192802056,0.00471570863127635
2026-04-07 00:00:00-04:00,-0.020923539949167846,0.0004399037927642624
2026-04-08 00:00:00-04:00,0.02107812430562106,0.025150689620179634
2026-04-09 00:00:00-04:00,0.006122549550145351,0.005752440641581202
2026-04-10 00:00:00-04:00,-3.8378626278756656e-05,-0.0006619944965713387
2026-04-13 00:00:00-04:00,-0.004926080082755746,0.009725005713406176
2026-04-14 00:00:00-04:00,-0.001428540561668079,0.012111239170364385
2026-04-15 00:00:00-04:00,0.028940049623949804,0.007859998349512232
2026-04-16 00:00:00-04:00,-0.01143773581653651,0.0024543333053879124
2026-04-17 00:00:00-04:00,0.025599686203761074,0.012013237341879979
2026-04-20 00:00:00-04:00,0.010381351237039205,-0.002001737254896163
2026-04-21 00:00:00-04:00,-0.025519586387524384,-0.0065684177504437
2026-04-22 00:00:00-04:00,0.025959176283095076,0.010075780503951748
2026-04-23 00:00:00-04:00,0.0009511674218494193,-0.0038882904816341934
2026-04-24 00:00:00-04:00,-0.008705470074050758,0.007719437564376541
2026-04-27 00:00:00-04:00,-0.01280947819295708,0.0017213055408076272
2026-04-28 00:00:00-04:00,0.011517458457321439,-0.0048778697536606686
2026-04-29 00:00:00-04:00,-0.0019967242641367733,-0.00015452126278159284
2026-04-30 00:00:00-04:00,0.004358182101151797,0.009900461815237627
2026-05-01 00:00:00-04:00,0.03188001650371852,0.002765268411019761
2026-05-04 00:00:00-04:00,-0.011886113152468347,-0.0036701188010397345
2026-05-05 00:00:00-04:00,0.02620437737957726,0.007990221711526857
2026-05-06 00:00:00-04:00,0.011649901959169817,0.013803688898870625
2026-05-07 00:00:00-04:00,-0.00024353409135002835,-0.0030707924798578645
2026-05-08 00:00:00-04:00,0.020249955441262735,0.00822220187546474
2026-05-11 00:00:00-04:00,-0.0012634108700844138,0.0022749733270961414
2026-05-12 00:00:00-04:00,0.007217267345543732,-0.0015161013155964298
2026-05-13 00:00:00-04:00,0.013711552929012605,0.005579244842588871
2026-05-14 00:00:00-04:00,-0.002210734971932915,0.007863317827569993
2026-05-15 00:00:00-04:00,0.006750980136725815,-0.012102281834028616
2026-05-18 00:00:00-04:00,-0.007992516349122347,-0.0007037568965344576
2026-05-19 00:00:00-04:00,0.0037868112765719886,-0.0066830701355833355
2026-05-20 00:00:00-04:00,0.010911313869409689,0.010196829759482995
2026-05-21 00:00:00-04:00,0.009024403912912149,0.0019811239783802392
2026-05-22 00:00:00-04:00,0.01247966409842416,0.003923840734942452
2026-05-26 00:00:00-04:00,-0.0015879959853544179,0.006616702614766545
2026-05-27 00:00:00-04:00,0.00813992117752882,-0.0001732571729027299
2026-05-28 00:00:00-04:00,0.00532598695555464,0.005501418012009651
2026-05-29 00:00:00-04:00,-0.0014410019964428145,0.0024883063996865573
2026-06-01 00:00:00-04:00,-0.018597851122449605,0.0027194125046703377
2026-06-02 00:00:00-04:00,0.028609745520348007,0.0013570186308609067
2026-06-03 00:00:00-04:00,-0.0157967574548854,-0.007041918531283109
2026-06-04 00:00:00-04:00,0.0031215751987723195,0.003771564462891952
2026-06-05 00:00:00-04:00,-0.012577593355441508,-0.026148277086186944
2026-06-08 00:00:00-04:00,-0.01905188546978831,0.002261613232488635
2026-06-09 00:00:00-04:00,-0.037127101126718465,-0.0029397674358477843
2026-06-10 00:00:00-04:00,0.0035387368280783704,-0.01589116082307207
2026-06-11 00:00:00-04:00,0.013794257734621063,0.016854017638559426
2026-06-12 00:00:00-04:00,-0.01533867189083793,0.005393675844766577
2026-06-15 00:00:00-04:00,0.018007427544288745,0.017480295410686075
2026-06-16 00:00:00-04:00,0.00946854559821908,-0.005979403902404812
2026-06-17 00:00:00-04:00,-0.01105542405376525,-0.012566499634242057
2026-06-18 00:00:00-04:00,0.006936530794559914,0.010343315448327672
2026-06-22 00:00:00-04:00,-0.003361156175657243,-0.0031519418478263006
2026-06-23 00:00:00-04:00,-0.009166281020203115,-0.014628429664887754
2026-06-24 00:00:00-04:00,-0.0041540970327318405,-0.00046362452088377637
2026-06-25 00:00:00-04:00,-0.06312910528852367,0.001444591300819198
2026-06-26 00:00:00-04:00,0.03088286921297012,-0.0072576467361811225
2026-06-29 00:00:00-04:00,-0.007214617571347226,0.01634062419874116
2026-06-30 00:00:00-04:00,0.026686927946559358,0.007756640320928376
2026-07-01 00:00:00-04:00,0.017199902237751807,-0.0013534198977209755
2026-07-02 00:00:00-04:00,0.04727163430823289,-0.0013149336271025547
2026-07-06 00:00:00-04:00,0.012973263560821735,0.008689545400113019
2026-07-07 00:00:00-04:00,-0.006417317752291929,-0.004763225841267982
2026-07-08 00:00:00-04:00,0.00874939812139175,-0.003094211852911144
2026-07-09 00:00:00-04:00,0.00898970086195039,0.008429620706500884
2026-07-10 00:00:00-04:00,-0.0028501014457971152,0.004300897555176597
2026-07-13 00:00:00-04:00,0.006291108635278597,-0.007685633815530224
2026-07-14 00:00:00-04:00,-0.007751077889289526,0.0035443530504952747
2026-07-15 00:00:00-04:00,0.0393599955609405,0.003955801420062244
2026-07-16 00:00:00-04:00,0.017434906842972886,-0.005433351714811074
2026-07-17 00:00:00-04:00,0.0014391811187497439,-0.009946458438716554
2026-07-20 00:00:00-04:00,-0.021656657586980543,-0.001615682759917192
2026-07-21 00:00:00-04:00,0.0035150750095089833,0.008306712831607221
2026-07-22 00:00:00-04:00,-0.005660657333930175,-0.0011634178861417155
2026-07-23 00:00:00-04:00,-0.013064794509391575,-0.012426173368713656
2026-07-24 00:00:00-04:00,0.03470739356294228,0.0010154965735651444
2026-07-27 00:00:00-04:00,0.011613313186030538,0.0002165521145833793
2026-07-28 00:00:00-04:00,0.009364957113197292,0.002391917734196447
2026-07-29 00:00:00-04:00,-0.00557291257754855,-0.015507089295929255
2026-07-30 00:00:00-04:00,-0.014174985441457899,0.01662680489863888
2026-07-31 00:00:00-04:00,-0.07638287945805544,0.007174014783580596
2026-08-03 00:00:00-04:00,-0.017931956478842714,0.014142527904258628
2026-08-04 00:00:00-04:00,0.0194522108448556,0.017868407620300175
2026-08-05 00:00:00-04:00,0.005222674657280102,-0.001998597876877284
2026-08-06 00:00:00-04:00,0.004523508767763751,-0.0015990909095684458
2026-08-07 00:00:00-04:00,0.0029404636305603304,0.006096725613894627
2026-08-10 00:00:00-04:00,-0.015451243263147063,-0.0002974609738615186
2026-08-11 00:00:00-04:00,-0.010926951292996812,-0.0032003754929252892
2026-08-12 00:00:00-04:00,-0.008762173610506352,0.0025015309905516148
2026-08-13 00:00:00-04:00,0.00990941498324549,0.006953225851213496
2026-08-14 00:00:00-04:00,0.002192389194325628,-0.0019816737654361205
2026-08-17 00:00:00-04:00,-0.0011119714123237756,-0.004738575980100634
2026-08-18 00:00:00-04:00,0.014424740792899904,-0.006778680502841361
2026-08-19 00:00:00-04:00,0.020733145070381376,0.004238849761353691
